-- phpMyAdmin SQL Dump
-- version 4.4.14
-- http://www.phpmyadmin.net
--
-- Host: 127.0.0.1:3306
-- Generation Time: Oct 04, 2016 at 01:41 PM
-- Server version: 5.5.45
-- PHP Version: 5.4.45

SET FOREIGN_KEY_CHECKS=0;
SET SQL_MODE = "NO_AUTO_VALUE_ON_ZERO";
SET time_zone = "+00:00";


/*!40101 SET @OLD_CHARACTER_SET_CLIENT=@@CHARACTER_SET_CLIENT */;
/*!40101 SET @OLD_CHARACTER_SET_RESULTS=@@CHARACTER_SET_RESULTS */;
/*!40101 SET @OLD_COLLATION_CONNECTION=@@COLLATION_CONNECTION */;
/*!40101 SET NAMES utf8mb4 */;

--
-- Database: `xd702g3`
--

-- --------------------------------------------------------

--
-- Table structure for table `hotel_area`
--

CREATE TABLE `hotel_area` (
  `area_id` int(3) NOT NULL,
  `area` varchar(30) COLLATE utf8_unicode_ci NOT NULL
) ENGINE=InnoDB AUTO_INCREMENT=13 DEFAULT CHARSET=utf8 COLLATE=utf8_unicode_ci;

--
-- Dumping data for table `hotel_area`
--

INSERT INTO `hotel_area` (`area_id`, `area`) VALUES
(1, '北投區'),
(2, '中山區'),
(3, '松山區'),
(4, '大同區'),
(5, '大安區'),
(6, '萬華區'),
(7, '中正區'),
(8, '士林區'),
(9, '信義區'),
(10, '南港區'),
(11, '文山區'),
(12, '內湖區');

-- --------------------------------------------------------

--
-- Table structure for table `hotel_data`
--

CREATE TABLE `hotel_data` (
  `h_id` int(3) NOT NULL,
  `cat1` varchar(20) COLLATE utf8_unicode_ci DEFAULT NULL,
  `cat2` varchar(20) COLLATE utf8_unicode_ci DEFAULT NULL,
  `stitle` varchar(255) COLLATE utf8_unicode_ci NOT NULL,
  `address` varchar(255) COLLATE utf8_unicode_ci DEFAULT NULL,
  `langitude` float DEFAULT NULL,
  `latitude` float DEFAULT NULL,
  `area_id` int(3) DEFAULT NULL
) ENGINE=InnoDB DEFAULT CHARSET=utf8 COLLATE=utf8_unicode_ci;

--
-- Dumping data for table `hotel_data`
--

INSERT INTO `hotel_data` (`h_id`, `cat1`, `cat2`, `stitle`, `address`, `langitude`, `latitude`, `area_id`) VALUES
(1, '住宿', '一般旅館', 'WESTGATE HOTEL 永安棧', '臺北市萬華區中華路一段148號、148之1號及150號1至10樓', 121.508, 25.0429, NULL),
(2, '住宿', '一般旅館', '一九一旅店', '臺北市大同區南京西路165號6樓', 121.513, 25.0541, NULL),
(3, '住宿', '一般旅館', '一加一旅館', '臺北市萬華區昆明街34號3樓', 121.506, 25.0471, NULL),
(4, '住宿', '一般旅館', '一九一旅店寧夏店', '臺北市大同區寧夏路11號2樓，11號2樓之1，11號2樓之2，11號2樓之3', 0, 0, NULL),
(5, '住宿', '一般旅館', '一等好旅店', '臺北市松山區八德路四段624巷2號1F及地下樓,4號2至6樓', 121.574, 25.0496, NULL),
(6, '住宿', '一般旅館', '乃晶旅社', '臺北市萬華區西園路一段168號12樓', 121.499, 25.0368, NULL),
(7, '住宿', '一般旅館', '人人別館', '臺北市大同區民生西路178巷9號', 121.518, 25.0568, NULL),
(8, '住宿', '一般旅館', '八方美學商旅', '臺北市中正區金山南路1段8號', 121.529, 25.0423, NULL),
(9, '住宿', '一般旅館', '力歐時尚旅館西門館', '臺北市萬華區康定路25巷36弄4,6號2-4樓', 121.504, 25.0437, NULL),
(10, '住宿', '一般旅館', '力歐時尚旅館', '臺北市中正區延平南路9號1-9樓', 121.511, 25.0463, NULL),
(11, '住宿', '一般旅館', '力麗哲園商旅', '臺北市松山區八德路四段213號1-7樓', 121.564, 25.049, NULL),
(12, '住宿', '一般旅館', '二十輪旅店', '臺北市萬華區武昌街二段72號5樓、10樓', 121.506, 25.0448, NULL),
(13, '住宿', '一般旅館', '力麗久居棧延三館', '臺北市大同區延平北路二段255號2樓', 0, 0, NULL),
(14, '住宿', '一般旅館', '二十輪旅店大安店', '臺北市大安區大安路一段183號，185號，185號2樓至7樓', 0, 0, NULL),
(15, '住宿', '一般旅館', '小公館人文旅舍', '臺北市松山區南京東路五段399號5樓、8樓、14樓', 121.57, 25.0515, NULL),
(16, '住宿', '一般旅館', '大地清旅', '臺北市中山區長安東路2段246號4至5樓', 121.543, 25.0484, NULL),
(17, '住宿', '一般旅館', '三漾旅店', '臺北市中正區衡陽路51號3樓', 121.512, 25.0424, NULL),
(18, '住宿', '一般旅館', '凡登商旅●二館', '臺北市大安區忠孝東路4段197號14樓之2、6、8', 121.552, 25.0417, NULL),
(19, '住宿', '一般旅館', '三隻老虎青年旅館', '臺北市萬華區康定路25巷39號4樓', 121.505, 25.0437, NULL),
(20, '住宿', '一般旅館', '大師會館國際酒店', '臺北市大同區市民大道1段211號16樓等25室', 121.518, 25.0493, NULL),
(21, '住宿', '一般旅館', '大地北投奇岩溫泉酒店', '臺北市北投區奇岩路1號', 121.507, 25.1347, 1),
(22, '住宿', '一般旅館', '大倉久和大飯店', '臺北市中山區南京東路1段9號', 121.523, 25.0524, 2),
(23, '住宿', '一般旅館', '小雅旅店', '臺北市松山區八德路四段616號5樓', 121.573, 25.0499, 3),
(24, '住宿', '一般旅館', '千慧旅館', '臺北市大同區南京西路22號7樓', 121.52, 25.0526, 4),
(25, '住宿', '一般旅館', '凡登台北商務旅店', '臺北市大安區忠孝東路四段197號12樓、12樓之1、12樓之4、12樓之5、12樓之9', 121.552, 25.0417, 5),
(26, '住宿', '國際觀光旅館', '三德大飯店', '臺北市大同區承德路三段49號', 121.519, 25.0649, 4),
(27, '住宿', '一般旅館', '大欣大飯店', '臺北市中山區中山北路二段27巷2-2號1-5樓', 121.523, 25.0531, 2),
(28, '住宿', '一般旅館', '大榮大旅社', '臺北市萬華區西寧南路185號2-4樓', 121.506, 25.0415, 6),
(29, '住宿', '一般旅館', '三二行館', '臺北市北投區中山路32號', 121.511, 25.1378, 1),
(30, '住宿', '一般旅館', '大新飯店', '臺北市中山區長春路246號11-12樓', 121.538, 25.0546, 2),
(31, '住宿', '一般旅館', '上賓大飯店', '臺北市中山區錦州街23巷4號', 121.525, 25.0607, 2),
(32, '住宿', '一般旅館', '大來商旅', '臺北市松山區長春路432號1-7樓', 121.545, 25.0544, 3),
(33, '住宿', '一般旅館', '上華飯店', '臺北市中山區雙城街5號B1-6樓', 121.524, 25.0636, 2),
(34, '住宿', '一般旅館', '山樂溫泉', '臺北市北投區泉源路1巷17號1-2樓', 121.504, 25.1379, 1),
(35, '住宿', '一般觀光旅館', '六福客棧', '臺北市中山區長春路168號', 121.533, 25.0546, 2),
(36, '住宿', '一般旅館', '友友大飯店', '臺北市中山區長春路24號', 121.524, 25.0548, 2),
(37, '住宿', '一般旅館', '友星大飯店', '臺北市中正區和平西路一段11,13,15號7-11樓', 121.521, 25.0271, 7),
(38, '住宿', '一般旅館', '友統飯店', '臺北市大安區忠孝東路四段197號13樓及13樓之4-9', 121.552, 25.0417, 5),
(39, '住宿', '一般旅館', '友萊大飯店', '臺北市中山區雙城街23-1號1-7樓及5樓之1', 121.524, 25.0659, 2),
(40, '住宿', '一般旅館', '水美溫泉會館', '臺北市北投區光明路224號', 121.505, 25.1361, 1),
(41, '住宿', '一般旅館', '水都溫泉會館', '臺北市北投區光明路283號', 121.511, 25.1369, 1),
(42, '住宿', '一般旅館', '友華賓館', '臺北市松山區八德路四段656,656-1號6樓', 121.575, 25.0499, 3),
(43, '住宿', '一般旅館', '太豪大飯店', '臺北市松山區興安街137號1-6樓', 121.545, 25.0562, 3),
(44, '住宿', '一般旅館', '月光莊旅社', '臺北市北投區光明路115-1號', 121.502, 25.1337, 1),
(45, '住宿', '一般旅館', '比堤飯店', '臺北市中山區建國北路2段91號1樓、93號1至7樓、93號2樓之1至7樓之1、95巷2號1樓、4號1樓', 121.538, 25.0586, 2),
(46, '住宿', '一般旅館', '天津大飯店', '臺北市中山區天津街57號2-8樓', 121.523, 25.0511, 2),
(47, '住宿', '一般旅館', '丹迪旅店-大安森林公園店', '臺北市大安區信義路三段33號3-10樓', 121.535, 25.0337, 5),
(48, '住宿', '一般旅館', '丹迪旅店-天母店', '臺北市士林區中山北路六段728巷2號1-7樓', 121.528, 25.1152, 8),
(49, '住宿', '一般旅館', '中源大飯店', '臺北市大同區重慶北路一段73號1樓及3至7樓', 121.514, 25.0521, 4),
(50, '住宿', '一般觀光旅館', '日勝生加賀屋國際溫泉飯店', '台北市北投區光明路236號', 121.507, 25.1361, 1),
(51, '住宿', '一般旅館', '太平洋商旅', '臺北市信義區光復南路495號11樓之2及13、16、17、19樓', 121.558, 25.0324, 9),
(52, '住宿', '一般旅館', '王朝大酒店', '臺北市松山區敦化北路100號', 121.549, 25.0523, 3),
(53, '住宿', '一般旅館', '六福居', '臺北市中山區林森北路138巷35號、37號、南京東路一段38號2樓至14樓、38號2樓之1至14樓之1、38號3樓之2至14樓之2、38號3樓之3至14樓之3', 121.524, 25.0518, 2),
(54, '住宿', '一般旅館', '中山莉豪商務旅店', '臺北市中山區中山北路二段71號10樓', 121.523, 25.0574, 2),
(55, '住宿', '一般旅館', '日安旅店(西門館)', '臺北市萬華區西寧南路36號9樓之2、3、4', 121.507, 25.0452, 6),
(56, '住宿', '一般旅館', '內江賓舘', '臺北市萬華區西寧南路112號2-6樓', 121.506, 25.0415, 6),
(57, '住宿', '一般觀光旅館', '天成大飯店', '臺北市中正區忠孝西路一段43號', 121.518, 25.0463, 7),
(58, '住宿', '一般旅館', '天閣酒店(台北林森)', '臺北市中山區中山北路一段83巷15號', 121.524, 25.05, 2),
(59, '住宿', '一般旅館', '天閣酒店(台北南西)', '臺北市中山區南京西路3號2至9樓', 121.522, 25.0526, 2),
(60, '住宿', '一般旅館', '尤里西斯旅店', '臺北市中山區華陰街28號1-3樓', 121.52, 25.0492, 2),
(61, '住宿', '一般旅館', '丰居旅店', '臺北市萬華區中華路一段114巷17號2樓之1至之7、之15至之37，3樓及5樓', 121.508, 25.044, 6),
(62, '住宿', '一般旅館', '丹迪旅店-天津店', '臺北市中山區中山北路一段135巷13號', 121.523, 25.0516, 2),
(63, '住宿', '一般旅館', '天閣酒店(台北長安)', '臺北市中山區林森北路80號,80號2至14樓', 121.525, 25.0498, 2),
(64, '住宿', '一般旅館', '天閣酒店', '臺北市信義區忠孝東路五段297號1-6樓', 121.573, 25.0412, 9),
(65, '住宿', '一般旅館', '天閣酒店台北復興', '臺北市松山區復興北路147號1至12樓', 121.544, 25.0538, 3),
(66, '住宿', '一般旅館', '方舟旅店', '臺北市中正區信義路二段255號1至4樓', 121.531, 25.0338, 7),
(67, '住宿', '一般旅館', '太空艙旅舍', '臺北市中正區衡陽路51號地下一層', 121.513, 25.0428, 7),
(68, '住宿', '一般旅館', '丰居旅店雙連館', '臺北市中山區民生東路一段42號2樓之1至5及3樓之1至5', 121.524, 25.058, 2),
(69, '住宿', '一般旅館', '天倫大旅社', '臺北市士林區安平街26號', 121.525, 25.0885, 8),
(70, '住宿', '一般旅館', '天天精品旅館', '臺北市中山區林森北路282號2樓之1至2樓之45', 121.525, 25.0555, 2),
(71, '住宿', '一般旅館', '水美旅居', '臺北市中正區博愛路14號及14之1號', 0, 0, 7),
(72, '住宿', '一般旅館', '方舟旅店 長安復興', '臺北市中山區長安東路二段246號3樓、10樓及11樓', 0, 0, 2),
(73, '住宿', '一般旅館', '天閣酒店台北基河', '臺北市士林區基河路18號、18之1號、18之2號、18之3號　1至3樓', 0, 0, 8),
(74, '住宿', '一般旅館', '天使青旅', '臺北市中正區衡陽路51號2樓之2', 0, 0, 7),
(75, '住宿', '一般旅館', '巴客來青年旅館', '臺北市信義區松隆路205之1號1樓及夾層', 0, 0, 9),
(76, '住宿', '一般旅館', '丰居旅店北車館', '臺北市中正區重慶南路一段60號', 0, 0, 7),
(77, '住宿', '一般旅館', '丰居旅店忠孝館', '臺北市大安區復興南路1段126巷1號3樓', 0, 0, 5),
(78, '住宿', '一般旅館', '天使商旅', '臺北市松山區基隆路一段8號、10號17至18樓', 0, 0, 3),
(79, '住宿', '一般旅館', '禾順欣業商旅', '臺北市萬華區廣州街247號及247號2至6樓', 0, 0, 6),
(80, '住宿', '一般旅館', '台北松山意舍酒店', '臺北市南港區市民大道七段8號17樓至21樓', 0, 0, NULL),
(81, '住宿', '一般旅館', '台北天晴旅店', '臺北市中正區懷寧街92-2號1至6樓', 0, 0, 7),
(82, '住宿', '一般旅館', '台北日記萬國館', '臺北市萬華區漢中街52號12-13樓', 0, 0, 6),
(83, '住宿', '一般觀光旅館', '台北有園飯店', '台北市中山區南京東路3段16號', 121.538, 25.0521, 2),
(84, '住宿', '國際觀光旅館', '台北萬豪酒店', '臺北市中山區樂群二路199號', 121.56, 25.0799, 2),
(85, '住宿', '一般旅館', '台北六福萬怡酒店', '臺北市南港區忠孝東路七段359號7樓、7樓之1、8樓、9樓、9樓之1、30樓', 121.607, 25.0522, 10),
(86, '住宿', '一般旅館', '台北發現青年旅舍', '臺北市中山區民權東路二段21號5、6樓', 121.529, 25.0628, 2),
(87, '住宿', '一般旅館', '台北中山雅樂軒酒店', '臺北市中山區雙城街1號1樓至14樓', 121.524, 25.063, 2),
(88, '住宿', '一般旅館', '北門臥客青年旅舍', '臺北市大同區甘谷街26號2樓之1', 121.511, 25.0528, 4),
(89, '住宿', '一般旅館', '艾特文旅', '臺北市萬華區武昌街二段124之2號4樓', 121.504, 25.0454, 6),
(90, '住宿', '一般旅館', '古山園旅社', '臺北市萬華區華西街40巷16號', 121.498, 25.0371, 6),
(91, '住宿', '國際觀光旅館', '兄弟大飯店', '臺北市松山區南京東路三段255號', 121.544, 25.052, 3),
(92, '住宿', '一般旅館', '台糖台北會館', '臺北市中正區中華路一段39號3至5樓', 0, 0, 7),
(93, '住宿', '一般旅館', '台灣印象飯店', '臺北市大同區重慶北路二段172號5樓,5樓之1,6樓,6樓之1,7樓,7樓之1', 121.513, 25.0594, 4),
(94, '住宿', '一般旅館', '台北中山意舍酒店', '臺北市中山區中山北路二段57之1號1至8樓', 121.523, 25.0555, 2),
(95, '住宿', '一般觀光旅館', '北投老爺酒店', '北投區中和街二號', 121.504, 25.1375, 1),
(96, '住宿', '一般旅館', '台北日記旅店中華二館', '臺北市萬華區中華路一段90號2樓、3樓、3樓之1、3樓之2', 121.509, 25.0447, 6),
(97, '住宿', '一般旅館', '台北日記旅店', '臺北市萬華區中華路一段152號5樓、5樓之1、7樓、9樓、10樓、11樓', 121.508, 25.0427, 6),
(98, '住宿', '一般旅館', '台北漫步旅店', '臺北市萬華區成都路163號2至6樓', 121.502, 25.0439, 6),
(99, '住宿', '一般旅館', '卡樂町旅店', '臺北市萬華區內江街55巷22號2至3樓及22之1號1至3樓', 121.505, 25.043, 6),
(100, '住宿', '一般旅館', '台北西門窩青年旅館', '臺北市萬華區漢中街42號8樓', 121.507, 25.0444, 6),
(101, '住宿', '一般旅館', '台北文華東方酒店', '臺北市松山區敦化北路158號B3-14樓', 121.548, 25.0554, 3),
(102, '住宿', '一般旅館', '台北慕軒', '臺北市大安區敦化南路一段331號1至13樓', 121.549, 25.035, 5),
(103, '住宿', '國際觀光旅館', '台北威斯汀六福皇宮', '臺北市中山區南京東路三段133號', 121.541, 25.0521, 2),
(104, '住宿', '國際觀光旅館', '台北寒舍喜來登大飯店', '臺北市中正區忠孝東路一段12號', 121.522, 25.045, 7),
(105, '住宿', '一般旅館', '台北馥華商旅敦北館', '臺北市松山區敦化北路4巷52號1至7樓', 121.537, 25.0572, 3),
(106, '住宿', '一般旅館', '古奈堡商務旅館', '臺北市萬華區峨眉街28號5樓之1', 121.507, 25.0435, 6),
(107, '住宿', '一般旅館', '北投天玥泉溫泉會館', '臺北市北投區中山路3號3樓', 121.505, 25.1372, 1),
(108, '住宿', '一般旅館', '立多精品旅館', '臺北市萬華區開封街二段53號3樓至5樓、7樓至9樓', 121.505, 25.047, 6),
(109, '住宿', '國際觀光旅館', '台北君悅酒店', '臺北市信義區松壽路2號', 121.563, 25.0357, 9),
(110, '住宿', '一般旅館', '台北國際飯店', '臺北市中山區南京東路一段66號B1-10樓', 121.525, 25.0519, 2),
(111, '住宿', '一般旅館', '台北西門町意舍,amba TAIPEI XIMENDING', '臺北市萬華區萬壽里6鄰武昌街2段77號5樓至10樓', 121.506, 25.0452, 6),
(112, '住宿', '國際觀光旅館', '台北凱撒大飯店', '臺北市中正區忠孝西路一段38號', 121.517, 25.0462, 7),
(113, '住宿', '一般觀光旅館', '台北花園大酒店', '臺北市中正區中華路二段1號', 121.507, 25.0366, 7),
(114, '住宿', '一般旅館', '世聯商旅', '臺北市中山區松江路90巷5號1-7樓', 121.532, 25.0506, 2),
(115, '住宿', '一般觀光旅館', '北投麗禧溫泉酒店', '臺北市北投區幽雅路30號', 121.515, 25.138, 1),
(116, '住宿', '國際觀光旅館', '台北寒舍艾美酒店', '台北市信義區松仁路38號', 121.568, 25.0385, 9),
(117, '住宿', '一般觀光旅館', '台北君品大酒店', '台北市大同區承德路一段3號1樓', 121.517, 25.0495, 4),
(118, '住宿', '一般旅館', '台北馥華商旅南港館', '臺北市南港區三重路23號1-4樓', 121.614, 25.0592, 10),
(119, '住宿', '一般旅館', '立德北投溫泉飯店', '臺北市北投區林泉里15鄰幽雅路11號1-3樓', 121.514, 25.1369, 1),
(120, '住宿', '國際觀光旅館', '台北 W 飯店', '台北市信義區忠孝東路五段10號', 121.565, 25.0414, 9),
(121, '住宿', '一般旅館', '台北碧瑤飯店', '臺北市松山區八德路二段367號1-10樓', 121.545, 25.0479, 3),
(122, '住宿', '一般旅館', '台灣燦路都飯店', '臺北市中山區民權東路一段9號2-10樓', 121.523, 25.063, 2),
(123, '住宿', '一般旅館', '台北商旅慶城館', '臺北市松山區慶城街12號', 121.545, 25.0528, 3),
(124, '住宿', '一般旅館', '台北青年國際旅館', '臺北市中正區許昌街19號1樓及4-10樓', 121.517, 25.0456, 7),
(125, '住宿', '一般旅館', '台北馥敦飯店', '臺北市松山區復興北路315號1-7樓', 121.544, 25.0591, 3),
(126, '住宿', '一般旅館', '台北綠蒂大飯店', '臺北市中山區新生北路三段56巷14號', 121.527, 25.0653, 2),
(127, '住宿', '一般旅館', '仙渡莊旅社', '臺北市北投區大度路三段304號', 121.466, 25.1237, 1),
(128, '住宿', '一般旅館', '艾米旅店', '臺北市中山區中山北路二段65巷2弄3號1-4樓', 121.524, 25.0568, 2),
(129, '住宿', '一般旅館', '立建賓館', '臺北市松山區八德路四段656號7-8樓,656-1號7-8樓', 121.575, 25.0499, 3),
(130, '住宿', '一般旅館', '台北馥華商旅', '臺北市中山區一江街3號,3號2至7樓,之1至之14', 121.532, 25.0507, 2),
(131, '住宿', '一般旅館', '北城大飯店', '臺北市中山區長春路279號B1-12樓', 121.541, 25.0548, 2),
(132, '住宿', '一般旅館', '正統(百利)大飯店', '臺北市中山區錦西街6號4-10樓', 121.522, 25.0602, 2),
(133, '住宿', '一般旅館', '台北馥敦飯店復南館', '臺北市大安區復興南路二段41號', 121.544, 25.0315, 5),
(134, '住宿', '一般旅館', '台北商旅(大安館)', '臺北市大安區大安路一段135號', 121.546, 25.0387, 5),
(135, '住宿', '一般旅館', '台北馥敦飯店南京館', '臺北市松山區南京東路五段32號', 121.559, 25.0513, 3),
(136, '住宿', '一般旅館', '北門旅社', '臺北市大同區長安西路145巷3號', 121.515, 25.0517, 4),
(137, '住宿', '一般旅館', '百樂匯大飯店', '臺北市北投區溫泉路99號1-4樓', 121.509, 25.1363, 1),
(138, '住宿', '一般旅館', '全家歡旅店', '臺北市中正區忠孝西路一段72號4樓', 121.514, 25.0468, 7),
(139, '住宿', '一般旅館', '芝加格旅館', '臺北市中山區林森北路119巷41號', 121.527, 25.0505, 2),
(140, '住宿', '一般旅館', '衣蝶旅館', '臺北市中山區新生北路三段10號2-3樓', 121.527, 25.0633, 2),
(141, '住宿', '一般旅館', '老爺商務會館', '臺北市中山區南京西路1號8-11樓', 121.522, 25.0524, 2),
(142, '住宿', '一般旅館', '伊倫商務旅館', '臺北市中山區松江路123巷10號1-4樓', 121.534, 25.0528, 2),
(143, '住宿', '一般旅館', '伊都汽車旅館 (SPA會館)', '臺北市中山區植福路289號2樓', 121.562, 25.0814, 2),
(144, '住宿', '一般旅館', '百花商務旅館', '臺北市中正區仁愛路1段55號1至4樓', 121.525, 25.0386, 7),
(145, '住宿', '一般旅館', '百悅旅社', '臺北市萬華區開封街2段42巷2號1-5樓,44-1號6-7樓', 121.507, 25.0462, 6),
(146, '住宿', '一般旅館', '多郎明哥旅館', '臺北市大安區信義路三段73,73-1號2-6樓', 121.537, 25.0338, 5),
(147, '住宿', '一般旅館', '安和旅館', '臺北市大安區安和路一段139號', 121.553, 25.034, 5),
(148, '住宿', '一般旅館', '伊樂園大飯店', '臺北市萬華區西寧南路24號1-11樓', 121.507, 25.0462, 6),
(149, '住宿', '一般旅館', '名邑旅店', '臺北市中正區漢口街一段4,6號2-4樓', 121.515, 25.0451, 7),
(150, '住宿', '一般旅館', '伊林商務時尚旅館', '臺北市中正區襄陽路8號3-11樓', 121.513, 25.0433, 7),
(151, '住宿', '一般旅館', '印石時尚旅館', '臺北市文山區秀明路2段15號', 121.575, 24.9921, 11),
(152, '住宿', '一般旅館', '西門星辰精典大飯店', '臺北市萬華區峨眉街72號1至8樓', 121.504, 25.044, 6),
(153, '住宿', '一般旅館', '西門星辰大飯店', '臺北市萬華區峨眉街94號2至9樓', 121.504, 25.0442, 6),
(154, '住宿', '一般旅館', '西悠飯店台北店', '臺北市大同區太原路238至248號1樓,民生西路198號之2至之22 1樓,太原路238號2樓,2樓之1至之77', 121.517, 25.0568, 4),
(155, '住宿', '一般旅館', '西門邑居自由旅行會館', '臺北市萬華區西寧南路67號10樓', 121.507, 25.0462, 6),
(156, '住宿', '一般旅館', '好舍背包客國際青年旅館', '臺北市萬華區漢口街二段56號2、3樓及58號3樓', 121.505, 25.0458, 6),
(157, '住宿', '一般旅館', '安庭澔思青年旅舍', '臺北市大同區承德路一段66號12樓', 121.517, 25.0526, 4),
(158, '住宿', '一般旅館', '有誠商旅', '臺北市士林區至善路二段55號4-10樓', 121.545, 25.0983, 8),
(159, '住宿', '一般旅館', '老爺會館台北林森', '臺北市中山區林森北路83號4至10樓 11樓 11樓之1至2 12樓 12樓之1至2', 121.525, 25.0498, 2),
(160, '住宿', '一般旅館', '西門大飯店', '臺北市萬華區中華路一段78號3-6樓', 121.509, 25.0456, 6),
(161, '住宿', '一般旅館', '光漾昶品旅館', '臺北市大同區重慶北路1段1號10樓之1', 121.514, 25.0496, 4),
(162, '住宿', '一般旅館', '米尼旅店', '臺北市中正區忠孝西路一段23號5至6樓', 0, 0, 7),
(163, '住宿', '一般旅館', '西門街角青年旅店', '臺北市萬華區峨眉街28號4樓之1、4樓之2、4樓之3', 0, 0, 6),
(164, '住宿', '一般旅館', '沁居商旅', '臺北市中山區南京東路二段11號5樓', 121.528, 25.0523, 2),
(165, '住宿', '一般旅館', '町記憶旅店', '臺北市萬華區昆明街117號、117之1至之6號及119號、119之1至之6號1至7樓', 121.505, 25.0419, 6),
(166, '住宿', '一般旅館', '杜萊根國際青年旅舍', '臺北市松山區南京東路五段399號7樓', 0, 0, 3),
(167, '住宿', '一般旅館', '沃田旅店', '臺北市士林區中山北路七段113號', 121.532, 25.1224, 8),
(168, '住宿', '一般旅館', '貝殼窩青年旅舍', '臺北市中正區懷寧街84號2、3、4、5樓', 121.514, 25.0432, 7),
(169, '住宿', '一般旅館', '夾腳拖的家', '臺北市大同區華陰街103號', 121.517, 25.0499, 4),
(170, '住宿', '一般旅館', '伸適商務旅館', '臺北市中山區林森北路477號', 121.526, 25.0611, 2),
(171, '住宿', '一般旅館', '阿羅國際旅館', '臺北市中正區忠孝西路一段50號22樓之2、之4、之6', 121.516, 25.0465, 7),
(172, '住宿', '一般旅館', '沐蘭精品旅館', '臺北市中山區堤頂大道2段460號', 121.562, 25.0809, 2),
(173, '住宿', '一般旅館', '君帥旅館', '臺北市萬華區成都路68號8-10樓', 121.505, 25.0428, 6),
(174, '住宿', '一般旅館', '宏都金殿大飯店', '臺北市大安區安和路2段100號2-9樓', 121.55, 25.0284, 5),
(175, '住宿', '一般旅館', '君閣旅社', '臺北市士林區文林路490號8樓', 121.524, 25.0964, 8),
(176, '住宿', '一般旅館', '宏洲旅社', '臺北市萬華區漢中街4號1-7樓', 121.508, 25.046, 6),
(177, '住宿', '一般旅館', '迎賓旅社', '臺北市大同區太原路23巷11號2-3樓', 121.516, 25.0504, 4),
(178, '住宿', '一般旅館', '別府旅館 (水紗蓮汽車旅館)', '臺北市北投區中山路1-2號', 121.505, 25.137, 1),
(179, '住宿', '一般旅館', '幸福戀人旅館', '臺北市松山區八德路四段626號3樓', 121.574, 25.0499, 3),
(180, '住宿', '一般旅館', '東龍大飯店', '臺北市萬華區漢口街二段23號1-7樓', 121.508, 25.0455, 6),
(181, '住宿', '一般旅館', '建山大旅社', '臺北市大同區歸綏街182號2-4樓', 121.512, 25.0581, 4),
(182, '住宿', '一般旅館', '函舍旅館', '臺北市萬華區成都路68號4-5樓', 121.505, 25.0428, 6),
(183, '住宿', '國際觀光旅館', '亞都麗緻大飯店', '臺北市中山區民權東路二段41號', 121.53, 25.0629, 2),
(184, '住宿', '一般旅館', '宜津美侖大飯店', '臺北市大安區復興南路1段315號317號及317號2樓', 121.544, 25.0341, 5),
(185, '住宿', '一般旅館', '京都商務旅館', '臺北市中山區長春路38號3-10樓', 121.525, 25.0548, 2),
(186, '住宿', '一般旅館', '京都飯店', '臺北市北投區溫泉路105號1-3樓', 121.512, 25.1364, 1),
(187, '住宿', '一般旅館', '佳賓旅社', '臺北市士林區延平北路五段39號', 121.511, 25.0799, 8),
(188, '住宿', '一般旅館', '玩味旅舍', '臺北市大同區太原路156-2號5樓', 121.516, 25.0549, 4),
(189, '住宿', '一般旅館', '夜光商旅', '臺北市萬華區內江街55巷11號1至4樓、13號2至4樓', 121.505, 25.0422, 6),
(190, '住宿', '一般旅館', '東皇大飯店', '臺北市北投區溫泉路108號1-6樓', 121.511, 25.1361, 1),
(191, '住宿', '一般旅館', '長春精品旅館', '臺北市松山區慶城街29號B1-B2,1,7-12樓', 121.545, 25.0538, 3),
(192, '住宿', '一般觀光旅館', '亞士都飯店', '臺北市中山區林森北路98號', 121.525, 25.0503, 2),
(193, '住宿', '一般旅館', '東姿商務旅館', '臺北市中山區一江街33號1-4樓', 121.532, 25.0535, 2),
(194, '住宿', '一般旅館', '東鑫商務旅館', '臺北市大安區忠孝東路四段209號11樓,11樓之1至之2,211號11樓,11樓之1', 121.552, 25.0417, 5),
(195, '住宿', '一般旅館', '法皇商務旅館', '臺北市南港區重陽路122號', 121.6, 25.0568, 10),
(196, '住宿', '一般旅館', '金帥商務旅店', '臺北市萬華區昆明街142號7-8樓', 121.505, 25.0426, 6),
(197, '住宿', '一般旅館', '金財神旅店', '臺北市中正區中華路一段21號3樓', 121.51, 25.0464, 7),
(198, '住宿', '一般旅館', '和璞飯店尊爵館', '臺北市中山區樂群三路123號6-7樓', 121.555, 25.0828, 2),
(199, '住宿', '一般旅館', '東芳蒂旅店', '臺北市中山區中山北路二段183巷30,32號3樓', 121.524, 25.0637, 2),
(200, '住宿', '一般旅館', '金弘旅社', '臺北市大同區南京西路316號4樓', 121.513, 25.0539, 4),
(201, '住宿', '一般旅館', '欣和大旅社', '臺北市大安區羅斯福路2段75-1號2-6樓', 121.523, 25.0265, 5),
(202, '住宿', '一般旅館', '采舍精品旅館', '臺北市中山區農安街34號3樓及7樓', 121.527, 25.0648, 2),
(203, '住宿', '一般旅館', '和璞飯店', '臺北市中山區樂群三路123號2樓及5樓', 121.555, 25.0828, 2),
(204, '住宿', '一般旅館', '欣欣時尚旅店', '臺北市萬華區昆明街34號4樓', 121.506, 25.0471, 6),
(205, '住宿', '一般旅館', '明日大飯店', '臺北市萬華區成都路23號、27巷1號6至8樓', 121.507, 25.0426, 6),
(206, '住宿', '一般旅館', '東京國際飯店', '臺北市中山區長春路39號2-6樓', 121.526, 25.055, 2),
(207, '住宿', '一般旅館', '幸福大旅社', '臺北市萬華區內江街55巷26號1-4樓', 121.505, 25.0426, 6),
(208, '住宿', '一般旅館', '欣欣時尚旅店松山站', '臺北市松山區八德路四段453巷12號8-9樓', 121.57, 25.0504, 3),
(209, '住宿', '一般旅館', '依戀愛旅A館', '臺北市北投區承德路7段236號1-8樓', 121.507, 25.1154, 1),
(210, '住宿', '一般旅館', '金來商旅', '臺北市中正區金山南路1段71號地下一層至7樓、71之1號2樓至7樓', 121.528, 25.0373, 7),
(211, '住宿', '一般旅館', '長榮桂冠酒店 (台北)', '臺北市中山區松江路63號', 121.533, 25.049, 2),
(212, '住宿', '一般旅館', '金麗麗旅社', '臺北市萬華區長沙街二段11號10樓', 121.507, 25.0408, 6),
(213, '住宿', '一般旅館', '金都精緻溫泉飯店', '臺北市北投區光明路240號1-6樓', 121.508, 25.1362, 1),
(214, '住宿', '一般旅館', '明星大飯店', '臺北市萬華區成都路21號2至3樓、23號2至3樓、27巷1號2至3樓', 121.507, 25.0426, 6),
(215, '住宿', '一般旅館', '松哖酒店', '臺北市大安區仁愛路3段6號及8號1-12樓', 121.534, 25.0379, 5),
(216, '住宿', '一般旅館', '官邸飯店', '臺北市士林區文林路102號,102-1至102-29,2樓-1至5樓-24,3樓-25至4樓-26,3樓-27至3樓-29,5樓-2', 121.526, 25.088, 8),
(217, '住宿', '一般旅館', '宓琪旅社', '臺北市萬華區昆明街34號2樓', 121.506, 25.0471, 6),
(218, '住宿', '一般旅館', '玫瑰精品會館-站前館', '臺北市中山區華陰街3號1-4樓', 121.521, 25.0496, 2),
(219, '住宿', '一般旅館', '昌亞旅館', '臺北市中山區林森北路673號1至7樓', 121.526, 25.0681, 2),
(220, '住宿', '一般旅館', '昇美精旅', '臺北市中山區新生北路二段25號1至6樓', 121.528, 25.054, 2),
(221, '住宿', '一般旅館', '金凱登商務旅館', '臺北市中山區林森北路286號2至3樓', 121.525, 25.056, 2),
(222, '住宿', '一般旅館', '玫瑰精品旅館西門館', '臺北市萬華區西寧南路63之1號1-4樓', 121.507, 25.0465, 6),
(223, '住宿', '一般旅館', '和逸 台北忠孝館', '臺北市中正區忠孝東路一段31號1樓', 121.525, 25.0446, 7),
(224, '住宿', '一般旅館', '尚印旅店', '臺北市中山區中山北路二段71號8樓', 121.523, 25.0574, 2),
(225, '住宿', '一般旅館', '東棧商務旅店', '臺北市大安區忠孝東路四段209號8樓,8樓之1至之2,211號8樓,8樓之1', 121.552, 25.0417, 5),
(226, '住宿', '一般旅館', '松林大旅社', '臺北市萬華區桂林路174號3-4樓,176號1-4樓', 121.497, 25.0384, 6),
(227, '住宿', '一般旅館', '長富時尚旅店', '臺北市中山區長春路56號3.4.5樓', 121.526, 25.0548, 2),
(228, '住宿', '一般旅館', '迪樂商旅', '臺北市大同區延平北路一段121號1-6樓', 121.512, 25.0529, 4),
(229, '住宿', '一般旅館', '東驛商務旅館', '臺北市萬華區昆明街76號8樓及9樓', 121.505, 25.0457, 6),
(230, '住宿', '一般旅館', '東門大旅社', '臺北市中正區臨沂街78號2-4樓', 121.528, 25.0346, 7),
(231, '住宿', '一般旅館', '東吳大飯店', '臺北市大同區延平北路二段258號1-10樓', 121.511, 25.0604, 4),
(232, '住宿', '一般旅館', '和逸．台北民生館', '臺北市中山區民生東路二段178號1至12樓', 121.536, 25.0576, 2),
(233, '住宿', '一般旅館', '玩彩格旅店', '臺北市中山區松江路124巷22號', 121.531, 25.0525, 2),
(234, '住宿', '一般旅館', '享樂文旅飯店 康定館', '臺北市萬華區康定路32號1-6樓', 121.503, 25.044, 6),
(235, '住宿', '一般旅館', '宜家商旅', '臺北市內湖區成功路二段512、514號1至10樓', 121.59, 25.0742, 12),
(236, '住宿', '一般旅館', '玫瑰精品旅館-林森館', '臺北市中山區林森北路133 巷8號3樓(2、3層)、4樓(4至6層)', 121.521, 25.0496, 2),
(237, '住宿', '一般旅館', '東楓商旅', '臺北市大安區忠孝東路四段209號7樓、7樓之1、7樓之2、211號7樓', 121.552, 25.0417, 5),
(238, '住宿', '一般旅館', '和昌商旅', '臺北市中正區重慶南路1段18號1至7樓(B1.B2為防空避難室)', 0, 0, 7),
(239, '住宿', '一般旅館', '姆提文創旅店', '臺北市大安區信義路三段147巷5弄4號1樓', 0, 0, 5),
(240, '住宿', '一般旅館', '玩客棧', '臺北市中山區南京東路二段11號7樓', 0, 0, 2),
(241, '住宿', '一般旅館', '怡品商旅', '臺北市大安區大安區忠孝東路四段87號14樓', 0, 0, 5),
(242, '住宿', '一般旅館', '享樂文旅飯店開封館', '臺北市中正區開封街一段35號1至8樓', 0, 0, 7),
(243, '住宿', '一般旅館', '洛碁背包客棧', '臺北市大安區忠孝東路四段107號7樓之2', 0, 0, 5),
(244, '住宿', '一般旅館', '洛碁大飯店松山館', '臺北市南港區玉成街1-13號、147號1-11樓、149號、153巷2號', 0, 0, 10),
(245, '住宿', '一般旅館', '洛碁南京大飯店', '臺北市中山區南京東路三段8號1樓至14樓', 121.537, 25.0518, 2),
(246, '住宿', '一般旅館', '品格子旅店3S館', '臺北市中正區漢口街一段45號5樓', 121.513, 25.0453, 7),
(247, '住宿', '一般旅館', '叙美精旅', '臺北市中正區重慶南路1段111號', 121.513, 25.0462, 7),
(248, '住宿', '一般旅館', '城市商旅德立莊分館', '臺北市中正區秀山街4號5樓至12樓、衡陽路99號5樓至12樓、延平南路110號5樓至11樓', 0, 0, 7),
(249, '住宿', '一般旅館', '約克旅店', '臺北市中正區南陽街13號4樓', 0, 0, 7),
(250, '住宿', '一般旅館', '城市商旅-台北南西館', '臺北市大同區南京西路169號', 121.513, 25.054, 4),
(251, '住宿', '一般旅館', '首都大飯店大直館', '臺北市中山區植福路288號1樓,286號1樓,286巷2號1樓,286巷6號1-5樓', 121.561, 25.0806, 2),
(252, '住宿', '一般旅館', '美觀園旅社', '臺北市萬華區西寧南路90巷13號', 121.505, 25.0421, 6),
(253, '住宿', '一般旅館', '皇家季節酒店1館', '臺北市大同區南京西路326號1至9樓', 121.513, 25.0538, 4),
(254, '住宿', '一般旅館', '柯達大飯店台北松江', '臺北市中山區松江路251號', 121.533, 25.0593, 2),
(255, '住宿', '一般旅館', '洛碁新仕界大飯店', '臺北市萬華區昆明街139號2樓、141號3至9樓、7樓之1至13、8樓之1至8', 121.505, 25.041, 6),
(256, '住宿', '一般旅館', '洛碁舞衣新宿南京大飯店', '臺北市中山區南京東路二段163號1-8樓', 121.536, 25.0523, 2),
(257, '住宿', '一般旅館', '洛碁松江大飯店', '臺北市中山區松江路485號1至5樓，5樓之1至3，6至7樓，7樓之1至5', 121.534, 25.0672, 2),
(258, '住宿', '一般旅館', '品格子旅店', '臺北市中正區公園路13號10樓', 121.517, 25.0457, 7),
(259, '住宿', '一般旅館', '洛碁驛大飯店', '臺北市中正區重慶南路1段21號1至2樓、6至10樓及15號6至10樓', 121.513, 25.0462, 7),
(260, '住宿', '一般旅館', '紅菱閣賓館', '臺北市萬華區峨嵋街80,82號', 121.504, 25.0441, 6),
(261, '住宿', '一般旅館', '美上美旅館', '臺北市萬華區西園路一段168號11樓', 121.499, 25.0368, 6),
(262, '住宿', '一般旅館', '首都大飯店松山館', '臺北市松山區八德路四段658號1至12樓', 121.56, 25.0501, 3),
(263, '住宿', '一般旅館', '信星旅館', '臺北市大同區華陰街48號至48之11號4樓、50號至50之11號5樓', 121.515, 25.0508, 4),
(264, '住宿', '一般旅館', '首都大飯店南京館', '臺北市松山區南京東路四段156號1-11樓', 121.556, 25.0513, 3),
(265, '住宿', '一般旅館', '洛碁中華大飯店', '臺北市中正區中華路一段41號10樓至14樓', 121.51, 25.0454, 7),
(266, '住宿', '一般旅館', '紅米國際旅館', '臺北市大同區長安西路180號7樓、7樓之1、8樓', 121.516, 25.0512, 4),
(267, '住宿', '一般旅館', '品格子旅店西門館', '臺北市萬華區西寧南路30號8樓', 121.507, 25.0459, 6),
(268, '住宿', '一般旅館', '思泊客', '臺北市信義區信義路5段16號地下1樓.18號地下1樓及18號地下1樓之1', 121.563, 25.033, 9),
(269, '住宿', '一般旅館', '皇后旅社', '臺北市大同區長安西路226號1-4樓', 121.515, 25.0513, 4),
(270, '住宿', '一般旅館', '香樹花園酒店', '臺北市中山區堤頂大道二段566號7-11樓', 121.563, 25.0804, 2),
(271, '住宿', '一般旅館', '洛碁大飯店建北商旅', '臺北市中山區建國北路一段138巷1號,140號,140號2至11樓', 121.536, 25.051, 2),
(272, '住宿', '一般旅館', '俞美飯店', '臺北市萬華區武昌街二段106號2至8樓', 121.505, 25.0451, 6),
(273, '住宿', '一般旅館', '柯達大飯店敦南店', '臺北市大安區敦化南路二段238號B1-14樓', 121.548, 25.0211, 5),
(274, '住宿', '一般旅館', '香城大飯店松山分店', '臺北市松山區市民大道六段67號1-9樓', 121.574, 25.0497, NULL),
(275, '住宿', '一般旅館', '帥客旅店', '臺北市中正區羅斯福路一段90巷2號1-5樓', 121.52, 25.0301, 7),
(276, '住宿', '一般旅館', '城市商旅-台北南東館', '臺北市松山區南京東路五段411號1至7樓', 121.57, 25.0515, 3),
(277, '住宿', '一般旅館', '皇家季節酒店', '臺北市北投區中山路26號1-5樓', 121.51, 25.1377, 1),
(278, '住宿', '一般旅館', '美樂莊旅社', '臺北市北投區中和街20巷6號', 121.504, 25.1382, 1),
(279, '住宿', '一般旅館', '皇家季節酒店2館', '臺北市大同區南京西路330號1至11樓', 121.513, 25.0538, 4),
(280, '住宿', '一般旅館', '昰美精品飯店', '臺北市士林區天玉街38巷14號1-5樓', 121.529, 25.1204, 8),
(281, '住宿', '一般旅館', '洛碁林森大飯店', '臺北市中山區林森北路617號1至10樓', 121.526, 25.0666, 2),
(282, '住宿', '一般旅館', '城美大飯店', '臺北市中正區漢口街一段88,90號1-7樓', 121.512, 25.0451, 7),
(283, '住宿', '一般旅館', '宣美飯店', '臺北市中山區建國北路一段52號,54號1-6樓,56號2-6樓', 121.536, 25.048, 2),
(284, '住宿', '一般觀光旅館', '帝后大飯店', '臺北市中山區德惠街14號', 121.524, 25.0666, 2),
(285, '住宿', '一般旅館', '春天酒店', '臺北市北投區幽雅路18號1-6樓', 121.514, 25.1376, 1),
(286, '住宿', '一般旅館', '星辰大飯店 (喜來登)', '臺北市中正區金山南路一段80號1-7樓', 121.528, 25.0364, 7),
(287, '住宿', '一般旅館', '柯達大飯店 (台北一店)', '臺北市中山區中山北路二段11巷1號', 121.523, 25.0528, 2),
(288, '住宿', '一般旅館', '柯達大飯店台北二店', '臺北市中山區中山北路二段139號', 121.523, 25.062, 2),
(289, '住宿', '一般旅館', '泉都溫泉會館', '臺北市北投區光明路220號', 121.505, 25.1362, 1),
(290, '住宿', '一般旅館', '首都大飯店小巨蛋館', '臺北市松山區南京東路四段55-1號1-10樓', 121.552, 25.0519, 3),
(291, '住宿', '國際觀光旅館', '美麗信花園酒店', '臺北市中山區市民大道三段83號', 121.537, 25.045, NULL),
(292, '住宿', '一般觀光旅館', '首都大飯店', '臺北市中山區建國北路二段7號', 121.537, 25.0527, 2),
(293, '住宿', '一般旅館', '首都唯客樂飯店', '臺北市中山區長春路187號1-9樓', 121.538, 25.0549, 2),
(294, '住宿', '國際觀光旅館', '神旺大飯店', '臺北市大安區忠孝東路四段172號', 121.551, 25.0413, 5),
(295, '住宿', '一般旅館', '神旺商務酒店', '臺北市中山區南京東路一段128號2至13樓', 121.527, 25.0519, 2),
(296, '住宿', '一般旅館', '洛碁協美大飯店', '臺北市中山區中山北路二段181號10-12樓', 121.523, 25.0634, 2),
(297, '住宿', '一般旅館', '洛碁慶天閣大飯店', '臺北市中山區中山北路二段181號7-9樓', 121.523, 25.0634, 2),
(298, '住宿', '一般旅館', '背包棧旅店西門店', '臺北市萬華區康定路25巷13號', 121.503, 25.044, 6),
(299, '住宿', '一般旅館', '美代溫泉飯店', '臺北市北投區光明路281號1-3樓', 121.511, 25.1371, 1),
(300, '住宿', '一般旅館', '香城大飯店豪悅分店', '臺北市中山區松江路93巷9號1至8樓及9號2、3、4、5樓之1至之7、6樓之1至之3、7樓之1、8樓之1及97巷18號', 121.534, 25.0507, 2),
(301, '住宿', '一般旅館', '香城大飯店', '臺北市大安區信義路四段295號1至11樓', 121.555, 25.0334, 5),
(302, '住宿', '一般旅館', '星美飯店', '臺北市士林區前港街38-1,38-2號', 121.521, 25.0847, 8),
(303, '住宿', '一般旅館', '皇家大飯店', '臺北市中正區懷寧街5-1號1-6樓', 121.514, 25.0464, 7),
(304, '住宿', '一般旅館', '香都大飯店 (香城長安)', '臺北市中山區長安東路一段52號1-7樓', 121.528, 25.0483, 2),
(305, '住宿', '一般旅館', '香榭巴洛克賓館', '臺北市萬華區漢中街42號9樓', 121.507, 25.0442, 6),
(306, '住宿', '一般旅館', '香榭峇里賓館', '臺北市大安區忠孝東路三段305號7樓', 121.544, 25.0417, 5),
(307, '住宿', '一般旅館', '俐仕飯店', '臺北市中山區林森北路107巷16號1-7樓', 121.526, 25.0501, 2),
(308, '住宿', '一般旅館', '南美大飯店', '臺北市北投區幽雅路14號', 121.514, 25.1374, 1),
(309, '住宿', '一般旅館', '南港安樂旅社', '臺北市南港區南港路一段229號2-3樓', 121.611, 25.0548, 10),
(310, '住宿', '一般旅館', '客來思樂賓館', '臺北市大安區羅斯福路3段241號4樓,4樓之1,5樓,5樓之1,6樓,6樓之1', 121.53, 25.0194, 5),
(311, '住宿', '一般旅館', '帝華旅社', '臺北市萬華區康定路206號11-12樓', 121.502, 25.0387, 6),
(312, '住宿', '一般旅館', '洛碁山水閣大飯店', '臺北市中山區中山北路二段181號1-5樓', 121.523, 25.0634, 2),
(313, '住宿', '一般旅館', '柔美商旅', '臺北市中山區建國北路二段64巷9號', 121.536, 25.0544, 2),
(314, '住宿', '一般旅館', '唐門客棧', '臺北市中正區信義路二段33號2樓', 121.526, 25.0349, 7),
(315, '住宿', '一般旅館', '宮林賓館', '臺北市大同區太原路79巷37號', 121.517, 25.0517, 4),
(316, '住宿', '一般旅館', '家美旅店', '臺北市中正區北平東路12號2至9樓', 121.524, 25.046, 7),
(317, '住宿', '一般旅館', '華冠商旅HOTEL', '臺北市萬華區西昌街137、139號1-6樓', 121.501, 25.0398, 6),
(318, '住宿', '一般旅館', '華宮旅社', '臺北市萬華區西昌街157號', 121.501, 25.0393, 6),
(319, '住宿', '一般旅館', '華大HOTEL', '臺北市信義區永吉路30巷150號1-7樓', 121.569, 25.0427, 9),
(320, '住宿', '國際觀光旅館', '華泰王子大飯店', '臺北市中山區林森北路369號', 121.526, 25.0579, 2),
(321, '住宿', '一般旅館', '悅來旅館(金財神)', '臺北市中正區中華路一段21號6-7樓', 121.51, 25.0464, 7),
(322, '住宿', '一般旅館', '真珠賓館', '臺北市士林區延平北路五段67號3樓', 121.511, 25.0806, 8),
(323, '住宿', '一般旅館', '高雅賓館', '臺北市大安區和平東路三段139號及139號2-7樓、141號及141號2-5樓', 121.553, 25.0248, 5),
(324, '住宿', '一般觀光旅館', '華華大飯店', '臺北市中正區懷寧街30號', 121.514, 25.0454, 7),
(325, '住宿', '一般旅館', '莎多堡奇幻旅館', '臺北市中山區敬業二路75號2樓至5樓及69巷3號', 121.554, 25.0819, 2),
(326, '住宿', '一般旅館', '華弘怡亨酒店', '臺北市大安區敦化南路一段370號', 121.548, 25.0337, 5),
(327, '住宿', '一般旅館', '華麗大飯店', '臺北市萬華區康定路41號', 121.502, 25.0414, 6),
(328, '住宿', '一般旅館', '荷豐溫泉會館', '臺北市北投區溫泉路銀光巷1號1-5樓', 121.513, 25.1367, 1),
(329, '住宿', '一般旅館', '家賓大旅社', '臺北市文山區景文街42號6-7樓', 121.541, 24.9917, 11),
(330, '住宿', '一般旅館', '高絲旅時尚旅店', '臺北市萬華區西寧南路36號9樓、9樓之1、9樓之31至43、9樓之45至51、10樓之1', 121.506, 25.0456, 6),
(331, '住宿', '一般旅館', '高絲旅時尚旅店漢口館', '臺北市萬華區漢口街二段54號8樓、8樓之1、8樓之6、8樓之7、8樓之8、9樓、9樓之1、10樓', 121.506, 25.0456, 6),
(332, '住宿', '一般旅館', '途中‧台北國際青年旅舍', '臺北市北投區光明路82號1至5樓', 121.501, 25.1329, 1),
(333, '住宿', '一般旅館', '華泰瑞舍', '臺北市中山區林森北路357號及359號2至7樓、2樓之1至7樓之1、2樓之2至7樓之2、2樓之3至7樓之3、2樓之5至7樓之5、2樓之6至7樓之6、2樓之7至5樓之7、2樓之8至5樓之8、2樓之9至5樓之9', 121.526, 25.0572, 2),
(334, '住宿', '一般旅館', '旅樂序精品旅館', '臺北市中正區館前路8號10樓、11樓', 121.515, 25.046, 7),
(335, '住宿', '一般旅館', '旅人日誌青年旅館', '臺北市中山區天津街43號', 0, 0, 2),
(336, '住宿', '一般旅館', '這裡那裡站前旅店', '臺北市中正區許昌街40號6樓、6樓之1、6樓之2', 0, 0, 7),
(337, '住宿', '一般旅館', '恩典驛站', '臺北市萬華區昆明街316號、318號', 121.503, 25.0358, 6),
(338, '住宿', '一般旅館', '能量旅店', '臺北市萬華區康定路25巷38號', 0, 0, 6),
(339, '住宿', '一般旅館', '峻美精旅', '臺北市中山區長春路62號6樓', 0, 0, 2),
(340, '住宿', '一般旅館', '悠逸行旅中正館', '臺北市中正區重慶南路三段38號', 0, 0, 7),
(341, '住宿', '一般旅館', '雀爾喜旅館', '臺北市大同區南京西路288號5樓之6、7、8、9、10、11、15', 0, 0, 4),
(342, '住宿', '一般旅館', '探索旅館‧林森館', '臺北市中山區林森北路487號1樓', 0, 0, 2),
(343, '住宿', '一般旅館', '清翼居旅店采風館', '臺北市中正區南陽街8號2至5樓', 0, 0, 7),
(344, '住宿', '一般旅館', '逸寬文旅', '臺北市大安區復興南路一段219之2號1樓、4-12樓', 121.544, 25.039, 5),
(345, '住宿', '一般旅館', '清翼居旅店童話館', '臺北市中正區開封街1段36號3-7樓', 121.512, 25.0459, 7),
(346, '住宿', '一般旅館', '探索旅館-西門館', '臺北市萬華區中華路一段144號10樓', 0, 0, 6),
(347, '住宿', '一般旅館', '雀客旅館', '臺北市中山區松江路253號1至13樓', 121.533, 25.0596, 2),
(348, '住宿', '一般旅館', '國際旅館', '臺北市萬華區西寧南路157、159號2-4樓', 121.506, 25.0435, 6),
(349, '住宿', '一般旅館', '啟文商旅', '臺北市大同區民樂街50號', 121.511, 25.0572, 4),
(350, '住宿', '一般旅館', '捷絲旅西門町店', '臺北市中正區中華路一段41號5樓至9樓', 121.509, 25.0449, 7),
(351, '住宿', '一般旅館', '逸寬精品旅館', '臺北市信義區松仁路90號3至12樓', 121.568, 25.0353, 9),
(352, '住宿', '一般旅館', '探索汽車旅館延平館', '臺北市士林區延平北路五段23號2至5樓', 121.511, 25.0796, 8),
(353, '住宿', '一般旅館', '國州大旅社', '臺北市文山區羅斯福路四段208號1-2樓', 121.537, 25.0106, 11),
(354, '住宿', '一般旅館', '凰殿大飯店', '臺北市萬華區漢中街36號1,3-8樓', 121.507, 25.0445, 6),
(355, '住宿', '一般旅館', '探索汽車旅館南港館', '臺北市南港區重陽路66號1-4樓', 121.597, 25.0556, 10),
(356, '住宿', '一般旅館', '捷絲旅林森館', '臺北市中山區林森北路117號3樓至9樓', 121.525, 25.0506, 2),
(357, '住宿', '一般觀光旅館', '第一大飯店', '臺北市中山區南京東路二段63號', 121.53, 25.0522, 2),
(358, '住宿', '國際觀光旅館', '陽明山中國麗緻大飯店', '臺北市士林區格致路237號', 121.549, 25.1433, 8),
(359, '住宿', '國際觀光旅館', '國王大飯店', '臺北市中山區南京東路一段118號', 121.527, 25.0519, 2),
(360, '住宿', '一般旅館', '國宣大飯店', '臺北市中山區錦州街10號', 121.524, 25.0602, 2),
(361, '住宿', '一般旅館', '情覓汽車旅館', '臺北市中山區植福路189號', 121.56, 25.0837, 2),
(362, '住宿', '一般旅館', '密都大飯店', '臺北市中山區長春路246號2-10樓', 121.538, 25.0545, 2),
(363, '住宿', '一般旅館', '梅樓商務驛站', '臺北市大同區鄭州路29巷1-1號2-4樓', 121.514, 25.0497, 4),
(364, '住宿', '國際觀光旅館', '康華大飯店', '臺北市中山區松江路306號', 121.533, 25.0601, 2),
(365, '住宿', '國際觀光旅館', '國聯大飯店', '臺北市大安區光復南路200號', 121.557, 25.0421, 5),
(366, '住宿', '國際觀光旅館', '國賓大飯店', '臺北市中山區中山北路2段63號', 121.523, 25.0567, 2),
(367, '住宿', '一般旅館', '國際大旅館', '臺北市北投區湖山路一段7號', 121.548, 25.1523, 1),
(368, '住宿', '一般旅館', '萬事達旅店(松山店)', '臺北市信義區松山路153號2-7樓', 121.578, 25.0465, 9),
(369, '住宿', '一般旅館', '紫園旅社', '臺北市大同區南京西路18巷30號', 121.52, 25.0506, 4),
(370, '住宿', '一般旅館', '最愛旅館', '臺北市大安區忠孝東路三段219號、219之2號、219之4號、219之6號、219之8號', 121.54, 25.0418, 5),
(371, '住宿', '一般旅館', '雅莊旅館', '臺北市中山區民族東路438號及附2至4樓、地下1樓、440號及附2至5樓、地下1樓', 121.539, 25.068, 2),
(372, '住宿', '一般旅館', '雅柏精緻旅館', '臺北市松山區南京東路五段319,321,323,325,327,329,331號', 121.567, 25.0516, 3),
(373, '住宿', '一般旅館', '萬事達飯店', '臺北市松山區長安東路2段219號12樓', 121.545, 25.0483, 3),
(374, '住宿', '一般旅館', '晶樺商務旅店', '臺北市萬華區西園路一段168號10樓', 121.499, 25.0368, 6),
(375, '住宿', '一般旅館', '葳皇時尚飯店', '臺北市大同區延平北路二段197號3, 4,11樓', 121.512, 25.0593, 4),
(376, '住宿', '一般旅館', '凱麗大旅社', '臺北市中正區羅斯福路一段24號12樓', 121.519, 25.0316, 7),
(377, '住宿', '一般旅館', '喬合大飯店', '臺北市大安區復興南路一段136號1-4樓', 121.544, 25.0427, 5),
(378, '住宿', '一般旅館', '凱林賓館', '臺北市中山區新生北路二段149巷32號1-4樓', 121.529, 25.062, 2),
(379, '住宿', '一般旅館', '貴都飯店', '臺北市萬華區西藏路192,194號B2-7樓', 121.503, 25.03, 6),
(380, '住宿', '一般旅館', '順發 (華美大飯店)', '臺北市中正區重慶南路一段1-1號', 121.513, 25.0469, 7),
(381, '住宿', '一般旅館', '富玉莊旅社', '臺北市士林區福港街149巷15弄8,10號2-3樓', 121.519, 25.0875, 8),
(382, '住宿', '一般旅館', '富順大飯店', '臺北市大同區南京西路177號', 121.513, 25.054, 4),
(383, '住宿', '一般旅館', '萬事達旅店(中華店)', '臺北市萬華區中華路一段82號1-9樓', 121.509, 25.0454, 6),
(384, '住宿', '一般旅館', '萬事達旅店(西門店)', '臺北市萬華區西寧南路105號1-5樓', 121.507, 25.0451, 6),
(385, '住宿', '一般旅館', '蒂堡精品旅館', '臺北市南港區重陽路57巷15號', 121.596, 25.0562, 10),
(386, '住宿', '一般旅館', '凱統大飯店', '臺北市大安區忠孝東路三段8號3-9樓', 121.533, 25.042, 5),
(387, '住宿', '一般旅館', '喜瑞飯店', '臺北市中山區長安東路一段64號B1-10樓', 121.529, 25.0479, 2),
(388, '住宿', '一般旅館', '富濠大飯店', '臺北市大安區復興南路二段9號1-8,11-12樓', 121.545, 25.0335, 5),
(389, '住宿', '一般旅館', '惠安賓館', '臺北市松山區南京東路五段363號2-4樓', 121.568, 25.0515, 3),
(390, '住宿', '一般旅館', '晶璽商旅', '臺北市信義區信義路四段468號3-13樓', 121.559, 25.0328, 9),
(391, '住宿', '一般旅館', '景美大旅社', '臺北市文山區景文街104號2-4樓', 121.541, 24.9901, 11),
(392, '住宿', '一般旅館', '富粧商務旅店', '臺北市萬華區環河南路1段37號2-5樓及康定路2,4號4-5樓,6,8號2-5樓', 121.503, 25.0459, 6),
(393, '住宿', '一般旅館', '葫蘆商務旅社', '臺北市士林區重慶北路四段202號2-4樓', 121.512, 25.0849, 8),
(394, '住宿', '一般旅館', '貴族商務旅館', '臺北市士林區忠誠路二段21巷10,12號1-6樓', 121.531, 25.1092, 8),
(395, '住宿', '一般旅館', '富驛時尚酒店', '臺北市中山區南京東路三段131號10樓及10樓之1-之41、11樓及11樓之1-之42、12樓及12樓之1-之41、13樓及13樓之1-之38共166戶', 121.544, 25.0546, 2),
(396, '住宿', '一般旅館', '富園國際商務飯店', '臺北市萬華區中華路一段178號', 121.507, 25.0392, 6),
(397, '住宿', '國際觀光旅館', '晶華酒店', '臺北市中山區中山北路二段39巷3號', 121.525, 25.0541, 2),
(398, '住宿', '一般旅館', '統一大飯店', '臺北市中山區農安街36號3-10樓', 121.527, 25.0647, 2),
(399, '住宿', '一般旅館', '富裕自由商旅', '臺北市大安區忠孝東路四段235號3樓,3樓之1,4樓之1,5樓之1,6樓之1,9樓', 121.554, 25.0418, 5),
(400, '住宿', '一般旅館', '詠心商旅', '臺北市中山區復興北路282號3樓6樓', 121.544, 25.0587, 2),
(401, '住宿', '一般旅館', '雲鼎商務旅店', '臺北市中正區南昌路1段31巷5號,2至5樓及5之1號,2至5樓', 121.517, 25.0321, 7),
(402, '住宿', '一般旅館', '凱微精品旅館', '臺北市中山區林森北路381號9-10樓', 121.526, 25.0585, 2),
(403, '住宿', '一般旅館', '富裔旅館', '臺北市北投區新民路76號2-5樓,76-1號2-5樓,76-2號2-5樓,76-3號2-5樓,76-5號2-4樓,76-6號2至4樓,76-7號2-4樓', 121.508, 25.1419, 1),
(404, '住宿', '一般旅館', '萬商個旅', '臺北市中正區館前路28號8樓', 121.515, 25.0447, 7),
(405, '住宿', '一般觀光旅館', '寒舍艾麗酒店', NULL, 121.567, 25.039, NULL),
(406, '住宿', '一般旅館', '壹零壹艾美琪旅店', '臺北市大安區復興南路一段126巷1號4樓', 0, 0, 5),
(407, '住宿', '一般旅館', '福爾摩莎壹零壹旅館', '臺北市信義區基隆路二段115號9樓', 0, 0, 9),
(408, '住宿', '一般旅館', '鉑泊客', '臺北市中正區漢口街1段50號1-5樓', 121.513, 25.0451, 7),
(409, '住宿', '一般旅館', '愛客發商務旅館', '臺北市萬華區成都路101、103號1-6樓', 121.504, 25.0433, 6),
(410, '住宿', '一般旅館', '新驛旅店復興北路店', '臺北市中山區復興北路338號', 121.543, 25.066, 2),
(411, '住宿', '一般旅館', '甄美精品商旅', '臺北市中山區林森北路259巷9號2樓', 121.526, 25.0546, 2),
(412, '住宿', '一般旅館', '誠品行旅', '臺北市信義區菸廠路98號、2樓、3樓', 0, 0, 9),
(413, '住宿', '一般旅館', '蜂巢 Bee House', '臺北市大同區太原路55,57號', 121.515, 25.051, 4),
(414, '住宿', '一般旅館', '瑞格納大飯店', '臺北市松山區復興北路307號1至7樓', 121.544, 25.0586, 3),
(415, '住宿', '一般旅館', '酩月大飯店', '臺北市萬華區成都路21號4至5樓，23號4至5樓，27巷1號4至5樓', 121.507, 25.0426, 6),
(416, '住宿', '一般旅館', '群悅旅館', '臺北市中正區延平南路21號2及6樓', 121.511, 25.0459, 7),
(417, '住宿', '一般旅館', '福泰桔子商旅西門店', '臺北市萬華區中華路一段166之2號B1至11樓', 121.508, 25.0413, 6),
(418, '住宿', '一般旅館', '微風商旅', '臺北市中山區中山北路二段77巷17-3號1-5樓', 121.524, 25.0576, 2),
(419, '住宿', '一般旅館', '新驛旅店台北車站三館', '臺北市大同區長安西路77、79號1-7樓', 121.517, 25.0511, 4),
(420, '住宿', '一般旅館', '新月商旅', '臺北市中山區新生北路一段122號1-7樓', 121.528, 25.0508, 2),
(421, '住宿', '一般旅館', '瑞華旅社', '臺北市大安區忠孝東路四段235號4-5樓', 121.555, 25.0412, 5),
(422, '住宿', '一般旅館', '新驛旅店台北車站二館', '臺北市大同區長安西路83號', 121.517, 25.0511, 4),
(423, '住宿', '一般旅館', '意芙旅店', '臺北市大同區延平北路二段197號2樓', 121.512, 25.0593, 4),
(424, '住宿', '一般旅館', '福泰桔子商務旅館館前店', '臺北市中正區漢口街一段2號3-9樓', 121.515, 25.0452, 7),
(425, '住宿', '一般旅館', '福泰桔子商務旅館', '臺北市中正區開封街1段41號2-9樓', 121.513, 25.0461, 7),
(426, '住宿', '一般旅館', '福泰桔子商務旅館林森店', '臺北市中山區林森北路139號1至8樓及地下室', 121.525, 25.0512, 2),
(427, '住宿', '一般旅館', '新站旅店', '臺北市中正區忠孝西路一段72號5樓及5樓之1', 121.514, 25.0468, 7),
(428, '住宿', '一般旅館', '新秀閣大飯店', '臺北市北投區光明路238號1-5樓', 121.507, 25.1361, 1),
(429, '住宿', '一般旅館', '群來商務旅館', '臺北市中正區紹興北街31巷26號1-5樓', 121.526, 25.0452, 7),
(430, '住宿', '一般旅館', '愛客發商務旅館萬年館', '臺北市萬華區西寧南路70號6樓、7樓', 121.506, 25.0435, 6),
(431, '住宿', '一般旅館', '愛客發商務旅館昆明館', '臺北市萬華區昆明街79號10樓', 121.505, 25.0428, 6),
(432, '住宿', '一般旅館', '新驛旅店西門捷運店', '臺北市中正區衡陽路124號1-7樓', 121.509, 25.0422, 7),
(433, '住宿', '一般旅館', '愛客發商務旅館成都館', '臺北市萬華區成都路135號11樓、11樓之1', 121.504, 25.0433, 6),
(434, '住宿', '一般旅館', '新樂町精緻旅居', '臺北市萬華區西寧南路67號5-9樓', 121.507, 25.0462, 6),
(435, '住宿', '國際觀光旅館', '圓山大飯店', '臺北市中山區中山北路四段1號', 121.526, 25.0786, 2),
(436, '住宿', '一般旅館', '新仕商務旅店', '臺北市中山區民生西路8號B1-12樓', 121.522, 25.0577, 2),
(437, '住宿', '一般旅館', '新尚旅店', '臺北市中正區信義路二段73號1至7樓', 121.526, 25.0347, 7),
(438, '住宿', '一般旅館', '新客來旅店', '臺北市大同區南京西路151號6-12樓', 121.514, 25.0541, 4),
(439, '住宿', '一般旅館', '蒲園飯店', '臺北市松山區八德路四段176號B2-7樓', 121.563, 25.0485, 3),
(440, '住宿', '一般旅館', '愛芝園旅館', '臺北市信義區基隆路二段22號5樓', 121.559, 25.032, 9),
(441, '住宿', '一般旅館', '新榮大旅社', '臺北市士林區文林路116號', 121.526, 25.0882, 8),
(442, '住宿', '一般旅館', '溫拿旅館', '臺北市北投區承德路7段380號1-5樓', 121.502, 25.119, 1),
(443, '住宿', '一般旅館', '福君海悅大飯店', '臺北市大同區重慶北路一段62號5-10樓', 121.514, 25.0521, 4),
(444, '住宿', '一般旅館', '福來旅社', '臺北市大同區南京西路344巷13號1-4樓', 121.512, 25.0535, 4),
(445, '住宿', '國際觀光旅館', '福華大飯店', '臺北市大安區仁愛路三段160號', 121.543, 25.0377, 5),
(446, '住宿', '國際觀光旅館', '遠東國際大飯店', '臺北市大安區敦化南路二段201號', 121.549, 25.0271, 5),
(447, '住宿', '一般旅館', '新凱飯店', '臺北市中山區新生北路三段76之1號1至10樓', 121.527, 25.0665, 2),
(448, '住宿', '一般旅館', '新建發旅社', '臺北市南港區東南街38號', 121.612, 25.0545, 10),
(449, '住宿', '一般觀光旅館', '福容大飯店 台北一館', '臺北市大安區建國南路一段266號', 121.537, 25.0366, 5),
(450, '住宿', '一般旅館', '新驛旅館（前站店）', '臺北市中正區懷寧街7號', 121.514, 25.0462, 7),
(451, '住宿', '一般旅館', '獅城大飯店', '臺北市大同區華陰街179號3-5樓', 121.515, 25.0503, 4),
(452, '住宿', '一般旅館', '舞衣新宿', '臺北市中山區中山北路一段105巷15號1-7樓', 121.524, 25.0507, 2),
(453, '住宿', '一般旅館', '豪爵旅館', '臺北市中山區德惠街170巷24號1樓  吉林路379巷20,20-1號B1-7樓,', 121.532, 25.0651, 2),
(454, '住宿', '國際觀光旅館', '臺北老爺大酒店', '臺北市中山區中山北路二段37之1號', 121.523, 25.0537, 2),
(455, '住宿', '一般旅館', '豪麗HOTEL', '臺北市大安區大安路一段81,81-1號B2-7樓', 121.546, 25.0411, 5),
(456, '住宿', '國際觀光旅館', '臺北西華大飯店', '臺北市松山區民生東路三段111號', 121.546, 25.058, 3),
(457, '住宿', '國際觀光旅館', '臺北華國大飯店', '臺北市中山區林森北路600號', 121.526, 25.0659, 2),
(458, '住宿', '國際觀光旅館', '豪景大酒店', '臺北市萬華區環河南路一段77號', 121.501, 25.0446, 6),
(459, '住宿', '一般旅館', '緒遠旅館', '臺北市中山區錦州街20號3樓', 121.524, 25.0602, 2),
(460, '住宿', '一般旅館', '維多麗亞酒店', '臺北市中山區敬業四路168號5至10樓', 121.559, 25.0843, 2),
(461, '住宿', '一般旅館', '豪城大飯店 (復興店)', '臺北市大安區復興南路一段275號', 121.544, 25.0357, 5),
(462, '住宿', '一般旅館', '鳳凰閣旅社', '臺北市北投區溫泉路天主巷1號', 121.51, 25.1361, 1),
(463, '住宿', '一般旅館', '舞衣新宿富麗安', '臺北市中山區松江路95-1號5樓', 121.533, 25.0509, 2),
(464, '住宿', '一般旅館', '嘉賓閣旅館', '臺北市北投區光明路230號B1-7樓', 121.506, 25.1358, 1),
(465, '住宿', '一般旅館', '漾館溫泉商旅', '臺北市北投區溫泉路63號1-4樓', 121.505, 25.1352, 1),
(466, '住宿', '一般旅館', '舞衣新宿喬美', '臺北市松山區八德路四段16號1-7樓', 121.558, 25.0484, 3),
(467, '住宿', '一般旅館', '綠峯大飯店', '臺北市中山區中山北路二段77巷18號', 121.525, 25.0574, 2),
(468, '住宿', '一般旅館', '豪麗旺旅館', '臺北市信義區基隆路二段15-2號', 121.559, 25.0322, 9),
(469, '住宿', '一般旅館', '銀河旅館', '臺北市萬華區漢中街147巷6號1至4樓', 121.508, 25.0414, 6),
(470, '住宿', '一般旅館', '銀座飯店', '臺北市中山區林森北路289號4樓之1-3', 121.526, 25.0556, 2),
(471, '住宿', '一般旅館', '豪祥大旅社', '臺北市南港區中坡北路110號B2-6樓', 121.58, 25.0489, 10),
(472, '住宿', '一般旅館', '嘉榮旅社', '臺北市大同區太原路28巷11號2-4樓', 121.515, 25.0501, 4),
(473, '住宿', '一般旅館', '彰化大旅社', '臺北市大同區西寧北路49號', 121.509, 25.0541, 4),
(474, '住宿', '一般旅館', '賓王大飯店', '臺北市大同區南京西路163號3-4樓', 121.513, 25.0541, 4),
(475, '住宿', '一般旅館', '賓城旅社', '臺北市北投區溫泉路21巷7號1-3樓', 121.503, 25.1341, 1),
(476, '住宿', '一般旅館', '樺舍商旅', '臺北市北投區中央北路3段53巷1號及5號2至7樓', 121.486, 25.1385, 1),
(477, '住宿', '一般旅館', '豪景大酒店新館', '臺北市萬華區成都路173之1號地下2樓，地下1樓及1至7樓', 121.502, 25.0443, 6),
(478, '住宿', '一般旅館', '寧夏2號旅店', '臺北市大同區寧夏路2、4號及重慶北路二段3號　1樓至5樓', 0, 0, 4),
(479, '住宿', '一般旅館', '舞衣新宿花華分館', '臺北市中正區漢口街一段36號1-8樓及地下室', 0, 0, 7),
(480, '住宿', '一般旅館', '賦樂旅居', '臺北市大安區大安路一段56號、56號4樓', 121.546, 25.043, 5),
(481, '住宿', '一般旅館', '慶爾喜旅館', '臺北市萬華區漢口街二段74巷2之1號1樓及2樓', 121.505, 25.0458, 6),
(482, '住宿', '一般觀光旅館', '歐華酒店', '臺北市中山區林森北路646號', 121.526, 25.0681, 2),
(483, '住宿', '一般旅館', '澄舍商旅', '臺北市中山區南京東路二段11號4樓', 121.528, 25.0522, 2),
(484, '住宿', '一般觀光旅館', '慶泰大飯店', '臺北市中山區松江路186號', 121.533, 25.0563, 2),
(485, '住宿', '一般旅館', '熱海大飯店', '臺北市北投區光明路258號B1-11樓', 121.51, 25.1367, 1),
(486, '住宿', '一般旅館', '橋泰商務旅館', '臺北市大同區延平北路三段4號6樓、6樓之1', 121.511, 25.0635, 4),
(487, '住宿', '一般旅館', '鴨川旅館', '臺北市中山區中山北路二段65巷2弄60號1-6樓', 121.525, 25.0566, 2),
(488, '住宿', '一般旅館', '龍山旅社', '臺北市萬華區西園路一段125巷13-1號1-3樓', 121.5, 25.0376, 6),
(489, '住宿', '一般旅館', '薇閣精品旅館', '臺北市中山區錦州街27、29號,31號2-4樓', 121.526, 25.0603, 2),
(490, '住宿', '一般旅館', '璞麗商務旅館', '臺北市萬華區成都路27巷6號', 121.507, 25.043, 6),
(491, '住宿', '一般旅館', '薆悅酒店', '臺北市萬華區西寧南路107號1至10樓', 121.507, 25.0451, 6),
(492, '住宿', '一般旅館', '薇閣精品旅館(大直館)', '臺北市中山區成功里12鄰敬業三路11號', 121.556, 25.0836, 2),
(493, '住宿', '一般旅館', '龍蝦先生的秘密巢穴', '臺北市大同區重慶北路一段22號9樓', 121.513, 25.0504, 4),
(494, '住宿', '一般旅館', '頭等艙飯店', '臺北市萬華區中華路一段144號7樓、7樓之1、8樓、8樓之1', 121.508, 25.0432, 6),
(495, '住宿', '一般旅館', '橙舍背包客國際青年旅館', '臺北市萬華區漢口街二段41號1至3樓', 121.507, 25.0458, 6),
(496, '住宿', '一般旅館', '璞麗商務旅館臺北車站店', '臺北市大同區華陰街46號3樓', 121.515, 25.0502, 4),
(497, '住宿', '一般旅館', '龍邦僑園會館', '臺北市北投區泉源路25號', 121.506, 25.1399, 1),
(498, '住宿', '一般旅館', '璞邸旅店', '臺北市中正區重慶南路1段7號1-4樓', 121.513, 25.0464, 7),
(499, '住宿', '一般旅館', '駿宇飯店', '臺北市內湖區民權東路6段123巷34弄1號1-12樓', 121.583, 25.0688, 12),
(500, '住宿', '一般旅館', '謙商旅-東門館', '臺北市中正區信義路二段163號3至12樓', 121.529, 25.0341, 7),
(501, '住宿', '一般旅館', '闊', '臺北市松山區南京東路三段333號1至11樓', 121.547, 25.052, 3),
(502, '住宿', '一般旅館', '謙商旅-總統府館', '臺北市中正區重慶南路一段86號7樓之1,7至11樓,部分地下一層', 121.513, 25.0432, 7),
(503, '住宿', '一般旅館', '優美飯店', '臺北市中山區民生東路一段28號1-8樓', 121.524, 25.0579, 2),
(504, '住宿', '一般旅館', '黛芬旅館', '臺北市萬華區昆明街76號3樓', 121.505, 25.0457, 6),
(505, '住宿', '一般旅館', '馥麗精品旅館', '臺北市內湖區臺北市內湖區內湖路1段325、327、327之1號1-5樓', 121.568, 25.0823, 12),
(506, '住宿', '一般旅館', '藝宿商旅', '臺北市大同區重慶北路一段116號2至11樓及11樓夾層', 0, 0, 4),
(507, '住宿', '一般旅館', '麗之湯別館', '臺北市北投區溫泉路銀光巷4-2號', 0, 0, 1),
(508, '住宿', '一般旅館', '麗昇商旅', '臺北市中山區新生北路1段66號2至4樓', 121.531, 25.0472, 2),
(509, '住宿', '一般旅館', '麗都大飯店', '臺北市大安區信義路三段11號1-11樓', 121.534, 25.0338, 5),
(510, '住宿', '一般旅館', '麗湖國際大飯店', '臺北市內湖區成功路五段462號1,3-14樓', 121.606, 25.0734, 12),
(511, '住宿', '一般旅館', '麒麟商旅', '臺北市南港區重陽路59號', 121.597, 25.0558, 10),
(512, '住宿', '一般旅館', '麗雅精品旅館', '臺北市中山區長春路62號8樓之1', 121.526, 25.0548, 2),
(513, '住宿', '一般旅館', '懷寧旅店', '臺北市中正區懷寧街1號2-5樓', 121.514, 25.0464, 7),
(514, '住宿', '一般旅館', '璽愛旅店', '臺北市中正區忠孝西路一段72號3樓,3樓之1', 121.514, 25.0468, 7),
(515, '住宿', '一般旅館', '麗敦精緻旅店', '臺北市士林區福國路106號1樓、2樓之1至7、3樓之1至7、4樓之1至7、5樓之1至7、6樓之1至7', 121.521, 25.1024, 8),
(516, '住宿', '一般旅館', '寶格利時尚旅館', '臺北市萬華區中華路一段168號1-15樓', 121.508, 25.0411, 6),
(517, '住宿', '一般旅館', '蘭庭商務旅店', '臺北市大同區太原路64號1-8樓', 121.515, 25.0516, 4),
(518, '住宿', '一般旅館', '儷客旅店', '臺北市萬華區西寧南路36號10樓之3', 121.507, 25.0452, 6),
(519, '住宿', '一般旅館', '儷夏旅館-西寧館', '臺北市萬華區西寧南路30號3樓', 121.508, 25.0447, 6),
(520, '住宿', '一般旅館', '儷夏旅館-中華館', '臺北市萬華區中華路一段90號6樓、8樓', 121.509, 25.0448, 6),
(521, '住宿', '一般旅館', '儷萊旅館', '臺北市中正區中華路一段21號8-11樓', 121.51, 25.0464, 7),
(522, '住宿', '一般旅館', '儷園飯店', '臺北市中正區羅斯福路三段98號1-8樓', 121.527, 25.0215, 7),
(523, '住宿', '一般旅館', '儷萊飯店(普亨萊大飯店)', '臺北市中正區中華路一段21號12樓', 121.51, 25.0464, 7);

-- --------------------------------------------------------

--
-- Table structure for table `hotel_pic`
--

CREATE TABLE `hotel_pic` (
  `p_id` int(6) NOT NULL,
  `url` varchar(255) COLLATE utf8_unicode_ci NOT NULL,
  `h_id` int(3) NOT NULL
) ENGINE=InnoDB AUTO_INCREMENT=1054 DEFAULT CHARSET=utf8 COLLATE=utf8_unicode_ci;

--
-- Dumping data for table `hotel_pic`
--

INSERT INTO `hotel_pic` (`p_id`, `url`, `h_id`) VALUES
(1, 'http://www.travel.taipei/d_upload_ttn/frontsite/tw/hotel/B0151/B0151_3.jpg', 3),
(2, 'http://www.travel.taipei/d_upload_ttn/frontsite/tw/hotel/B0151/B0151_2.jpg', 3),
(3, 'http://www.travel.taipei/d_upload_ttn/frontsite/tw/hotel/B0151/B0151_1.jpg', 3),
(4, 'http://www.travel.taipei/d_upload_ttn/frontsite/tw/hotel/B0196/B0196_3.jpg', 5),
(5, 'http://www.travel.taipei/d_upload_ttn/frontsite/tw/hotel/B0196/B0196_2.jpg', 5),
(6, 'http://www.travel.taipei/d_upload_ttn/frontsite/tw/hotel/B0196/B0196_1.jpg', 5),
(7, 'http://www.travel.taipei/d_upload_ttn/frontsite/tw/hotel/B0247/B0247_3.jpg', 6),
(8, 'http://www.travel.taipei/d_upload_ttn/frontsite/tw/hotel/B0247/B0247_2.jpg', 6),
(9, 'http://www.travel.taipei/d_upload_ttn/frontsite/tw/hotel/B0247/B0247_1.jpg', 6),
(10, 'http://www.travel.taipei/d_upload_ttn/frontsite/tw/hotel/B0026/B0026_3.jpg', 7),
(11, 'http://www.travel.taipei/d_upload_ttn/frontsite/tw/hotel/B0026/B0026_2.jpg', 7),
(12, 'http://www.travel.taipei/d_upload_ttn/frontsite/tw/hotel/B0026/B0026_1.jpg', 7),
(13, 'http://www.travel.taipei/d_upload_ttn/frontsite/tw/hotel/B0292/B0292_3.jpg', 8),
(14, 'http://www.travel.taipei/d_upload_ttn/frontsite/tw/hotel/B0292/B0292_2.jpg', 8),
(15, 'http://www.travel.taipei/d_upload_ttn/frontsite/tw/hotel/B0292/B0292_1.jpg', 8),
(16, 'http://www.travel.taipei/d_upload_ttn/frontsite/tw/hotel/B0050/B0050_1bafa933-264b-4f42-9815-c722bebcd11b.jpg', 9),
(17, 'http://www.travel.taipei/d_upload_ttn/frontsite/tw/hotel/B0050/B0050_12413788-ef0f-4242-9508-a728c8089344.jpg', 9),
(18, 'http://www.travel.taipei/d_upload_ttn/frontsite/tw/hotel/B0082/B0082_3.jpg', 10),
(19, 'http://www.travel.taipei/d_upload_ttn/frontsite/tw/hotel/B0082/B0082_2.jpg', 10),
(20, 'http://www.travel.taipei/d_upload_ttn/frontsite/tw/hotel/B0082/B0082_1.jpg', 10),
(21, 'http://www.travel.taipei/d_upload_ttn/frontsite/tw/hotel/B0221/B0221_3.jpg', 11),
(22, 'http://www.travel.taipei/d_upload_ttn/frontsite/tw/hotel/B0221/B0221_2.jpg', 11),
(23, 'http://www.travel.taipei/d_upload_ttn/frontsite/tw/hotel/B0221/B0221_1.jpg', 11),
(24, 'http://www.travel.taipei/d_upload_ttn/frontsite/tw/hotel/B0200/B0200_10bbc079-a2ff-45ed-ab4b-59900888cc22.jpg', 21),
(25, 'http://www.travel.taipei/d_upload_ttn/frontsite/tw/hotel/B0200/B0200_3.JPG', 21),
(26, 'http://www.travel.taipei/d_upload_ttn/frontsite/tw/hotel/B0200/B0200_2.jpg', 21),
(27, 'http://www.travel.taipei/d_upload_ttn/frontsite/tw/hotel/B0245/B0245_3.jpg', 23),
(28, 'http://www.travel.taipei/d_upload_ttn/frontsite/tw/hotel/B0245/B0245_2.jpg', 23),
(29, 'http://www.travel.taipei/d_upload_ttn/frontsite/tw/hotel/B0245/B0245_1.jpg', 23),
(30, 'http://www.travel.taipei/d_upload_ttn/frontsite/tw/hotel/B0101/B0101_ae4e5cc4-c733-49cb-8cb0-7253e1776ca0.gif', 24),
(31, 'http://www.travel.taipei/d_upload_ttn/frontsite/tw/hotel/B0101/B0101_dee1ed56-f0f5-4f76-8a1c-42b09ddb5639.gif', 24),
(32, 'http://www.travel.taipei/d_upload_ttn/frontsite/tw/hotel/B0101/B0101_5d4801ae-178e-4018-b222-9a1581802374.gif', 24),
(33, 'http://www.travel.taipei/d_upload_ttn/frontsite/tw/hotel/B0420/B0420_1.bmp', 25),
(34, 'http://www.travel.taipei/d_upload_ttn/frontsite/tw/hotel/B0317/B0317_3.jpg', 26),
(35, 'http://www.travel.taipei/d_upload_ttn/frontsite/tw/hotel/B0317/B0317_2.jpg', 26),
(36, 'http://www.travel.taipei/d_upload_ttn/frontsite/tw/hotel/B0317/B0317_1.jpg', 26),
(37, 'http://www.travel.taipei/d_upload_ttn/frontsite/tw/hotel/B0124/B0124_3.jpg', 27),
(38, 'http://www.travel.taipei/d_upload_ttn/frontsite/tw/hotel/B0124/B0124_2.jpg', 27),
(39, 'http://www.travel.taipei/d_upload_ttn/frontsite/tw/hotel/B0124/B0124_1.jpg', 27),
(40, 'http://www.travel.taipei/d_upload_ttn/frontsite/tw/hotel/B0064/B0064_3.jpg', 28),
(41, 'http://www.travel.taipei/d_upload_ttn/frontsite/tw/hotel/B0064/B0064_2.jpg', 28),
(42, 'http://www.travel.taipei/d_upload_ttn/frontsite/tw/hotel/B0064/B0064_1.jpg', 28),
(43, 'http://www.travel.taipei/d_upload_ttn/frontsite/tw/hotel/B0234/B0234_3.jpg', 29),
(44, 'http://www.travel.taipei/d_upload_ttn/frontsite/tw/hotel/B0234/B0234_2.jpg', 29),
(45, 'http://www.travel.taipei/d_upload_ttn/frontsite/tw/hotel/B0234/B0234_1.jpg', 29),
(46, 'http://www.travel.taipei/d_upload_ttn/frontsite/tw/hotel/B0022/B0022_3.JPG', 30),
(47, 'http://www.travel.taipei/d_upload_ttn/frontsite/tw/hotel/B0022/B0022_2.JPG', 30),
(48, 'http://www.travel.taipei/d_upload_ttn/frontsite/tw/hotel/B0022/B0022_1.JPG', 30),
(49, 'http://www.travel.taipei/d_upload_ttn/frontsite/tw/hotel/B0048/B0048_3.jpg', 31),
(50, 'http://www.travel.taipei/d_upload_ttn/frontsite/tw/hotel/B0048/B0048_2.jpg', 31),
(51, 'http://www.travel.taipei/d_upload_ttn/frontsite/tw/hotel/B0048/B0048_1.jpg', 31),
(52, 'http://www.travel.taipei/d_upload_ttn/frontsite/tw/hotel/B0256/B0256_3.jpg', 32),
(53, 'http://www.travel.taipei/d_upload_ttn/frontsite/tw/hotel/B0256/B0256_2.jpg', 32),
(54, 'http://www.travel.taipei/d_upload_ttn/frontsite/tw/hotel/B0256/B0256_1.jpg', 32),
(55, 'http://www.travel.taipei/d_upload_ttn/frontsite/tw/hotel/B0250/B0250_3.jpg', 33),
(56, 'http://www.travel.taipei/d_upload_ttn/frontsite/tw/hotel/B0250/B0250_2.jpg', 33),
(57, 'http://www.travel.taipei/d_upload_ttn/frontsite/tw/hotel/B0250/B0250_1.jpg', 33),
(58, 'http://www.travel.taipei/d_upload_ttn/frontsite/tw/hotel/B0276/B0276_3.jpg', 34),
(59, 'http://www.travel.taipei/d_upload_ttn/frontsite/tw/hotel/B0276/B0276_2.jpg', 34),
(60, 'http://www.travel.taipei/d_upload_ttn/frontsite/tw/hotel/B0276/B0276_1.jpg', 34),
(61, 'http://www.travel.taipei/d_upload_ttn/frontsite/tw/hotel/B0351/B0351_3.jpg', 35),
(62, 'http://www.travel.taipei/d_upload_ttn/frontsite/tw/hotel/B0351/B0351_2.jpg', 35),
(63, 'http://www.travel.taipei/d_upload_ttn/frontsite/tw/hotel/B0351/B0351_1.jpg', 35),
(64, 'http://www.travel.taipei/d_upload_ttn/frontsite/tw/hotel/B0011/B0011_3.jpg', 36),
(65, 'http://www.travel.taipei/d_upload_ttn/frontsite/tw/hotel/B0011/B0011_2.jpg', 36),
(66, 'http://www.travel.taipei/d_upload_ttn/frontsite/tw/hotel/B0011/B0011_1.jpg', 36),
(67, 'http://www.travel.taipei/d_upload_ttn/frontsite/tw/hotel/B0133/B0133_3.jpg', 37),
(68, 'http://www.travel.taipei/d_upload_ttn/frontsite/tw/hotel/B0133/B0133_2.jpg', 37),
(69, 'http://www.travel.taipei/d_upload_ttn/frontsite/tw/hotel/B0133/B0133_1.jpg', 37),
(70, 'http://www.travel.taipei/d_upload_ttn/frontsite/tw/hotel/B0225/B0225_3.jpg', 38),
(71, 'http://www.travel.taipei/d_upload_ttn/frontsite/tw/hotel/B0225/B0225_2.jpg', 38),
(72, 'http://www.travel.taipei/d_upload_ttn/frontsite/tw/hotel/B0225/B0225_1.jpg', 38),
(73, 'http://www.travel.taipei/d_upload_ttn/frontsite/tw/hotel/B0344/B0344_eddf215f-8b94-4007-ba01-869a0cec6d56.jpg', 52),
(74, 'http://www.travel.taipei/d_upload_ttn/frontsite/tw/hotel/B0344/B0344_5419664b-0a04-4899-aaf3-ad93a9c8f136.jpg', 52),
(75, 'http://www.travel.taipei/d_upload_ttn/frontsite/tw/hotel/B0344/B0344_6e1145cd-18fe-44eb-bf3d-775915959c73.jpg', 52),
(76, 'http://www.travel.taipei/d_upload_ttn/frontsite/tw/hotel/B0243/B0243_3.jpg', 39),
(77, 'http://www.travel.taipei/d_upload_ttn/frontsite/tw/hotel/B0243/B0243_2.jpg', 39),
(78, 'http://www.travel.taipei/d_upload_ttn/frontsite/tw/hotel/B0243/B0243_1.jpg', 39),
(79, 'http://www.travel.taipei/d_upload_ttn/frontsite/tw/hotel/B0065/B0065_3.jpg', 40),
(80, 'http://www.travel.taipei/d_upload_ttn/frontsite/tw/hotel/B0065/B0065_2.jpg', 40),
(81, 'http://www.travel.taipei/d_upload_ttn/frontsite/tw/hotel/B0065/B0065_1.jpg', 40),
(82, 'http://www.travel.taipei/d_upload_ttn/frontsite/tw/hotel/B0055/B0055_3.jpg', 41),
(83, 'http://www.travel.taipei/d_upload_ttn/frontsite/tw/hotel/B0055/B0055_2.jpg', 41),
(84, 'http://www.travel.taipei/d_upload_ttn/frontsite/tw/hotel/B0055/B0055_1.jpg', 41),
(85, 'http://www.travel.taipei/d_upload_ttn/frontsite/tw/hotel/B0004/B0004_3.jpg', 42),
(86, 'http://www.travel.taipei/d_upload_ttn/frontsite/tw/hotel/B0004/B0004_2.jpg', 42),
(87, 'http://www.travel.taipei/d_upload_ttn/frontsite/tw/hotel/B0004/B0004_1.jpg', 42),
(88, 'http://www.travel.taipei/d_upload_ttn/frontsite/tw/hotel/B0467/B0467_57dc9d67-102e-40e6-9cb6-82bbf663b058.jpg', 53),
(89, 'http://www.travel.taipei/d_upload_ttn/frontsite/tw/hotel/B0467/B0467_792d5a54-0278-4137-b4e5-7907223cb751.jpg', 53),
(90, 'http://www.travel.taipei/d_upload_ttn/frontsite/tw/hotel/B0467/B0467_bd9b2df8-0db2-46f1-96d0-e51bfb42ab09.jpg', 53),
(91, 'http://www.travel.taipei/d_upload_ttn/frontsite/tw/hotel/B0224/B0224_3.jpg', 43),
(92, 'http://www.travel.taipei/d_upload_ttn/frontsite/tw/hotel/B0224/B0224_2.jpg', 43),
(93, 'http://www.travel.taipei/d_upload_ttn/frontsite/tw/hotel/B0224/B0224_1.jpg', 43),
(94, 'http://www.travel.taipei/d_upload_ttn/frontsite/tw/hotel/B0163/B0163_2.jpg', 44),
(95, 'http://www.travel.taipei/d_upload_ttn/frontsite/tw/hotel/B0163/B0163_1.jpg', 44),
(96, 'http://www.travel.taipei/d_upload_ttn/frontsite/tw/hotel/B0269/B0269_1d3205d7-d312-4d57-b79e-1f74f78b0567.jpg', 45),
(97, 'http://www.travel.taipei/d_upload_ttn/frontsite/tw/hotel/B0269/B0269_c1c2fc7d-acf7-45a5-a739-06e5be63f489.jpg', 45),
(98, 'http://www.travel.taipei/d_upload_ttn/frontsite/tw/hotel/B0269/B0269_f774d9b3-de05-4d13-b735-0642053de29f.jpg', 45),
(99, 'http://www.travel.taipei/d_upload_ttn/frontsite/tw/hotel/B0092/B0092_3.jpg', 46),
(100, 'http://www.travel.taipei/d_upload_ttn/frontsite/tw/hotel/B0092/B0092_2.jpg', 46),
(101, 'http://www.travel.taipei/d_upload_ttn/frontsite/tw/hotel/B0092/B0092_1.jpg', 46),
(102, 'http://www.travel.taipei/d_upload_ttn/frontsite/tw/hotel/B0135/B0135_3.jpg', 47),
(103, 'http://www.travel.taipei/d_upload_ttn/frontsite/tw/hotel/B0135/B0135_2.jpg', 47),
(104, 'http://www.travel.taipei/d_upload_ttn/frontsite/tw/hotel/B0135/B0135_1.jpg', 47),
(105, 'http://www.travel.taipei/d_upload_ttn/frontsite/tw/hotel/B0257/B0257_86d98e6c-0e28-40e0-8c2d-b2d0da599dac.jpg', 48),
(106, 'http://www.travel.taipei/d_upload_ttn/frontsite/tw/hotel/B0257/B0257_a1e569dc-57fc-429f-99de-0aabf9038380.jpg', 48),
(107, 'http://www.travel.taipei/d_upload_ttn/frontsite/tw/hotel/B0257/B0257_d5424b19-310e-4174-aa48-952763927070.jpg', 48),
(108, 'http://www.travel.taipei/d_upload_ttn/frontsite/tw/hotel/B0416/B0416_4.JPG', 49),
(109, 'http://www.travel.taipei/d_upload_ttn/frontsite/tw/hotel/B0416/B0416_3.JPG', 49),
(110, 'http://www.travel.taipei/d_upload_ttn/frontsite/tw/hotel/B0416/B0416_2.jpg', 49),
(111, 'http://www.travel.taipei/d_upload_ttn/frontsite/tw/hotel/B0416/B0416_1.jpg', 49),
(112, 'http://www.travel.taipei/d_upload_ttn/frontsite/tw/hotel/B0436/B0436_18b8f2ac-14ef-42a3-9c06-9078791d04aa.jpg', 50),
(113, 'http://www.travel.taipei/d_upload_ttn/frontsite/tw/hotel/B0436/B0436_d6737ff0-1864-4ec3-8b3b-4bf260af1de3.jpg', 50),
(114, 'http://www.travel.taipei/d_upload_ttn/frontsite/tw/hotel/B0436/B0436_5653fda2-a233-4eb0-b321-e49b611da5bf.JPG', 50),
(115, 'http://www.travel.taipei/d_upload_ttn/frontsite/tw/hotel/B0232/B0232_f820f0f4-98ef-4674-8cec-73bb758eb048.jpg', 51),
(116, 'http://www.travel.taipei/d_upload_ttn/frontsite/tw/hotel/B0232/B0232_0c3ada46-600a-4c49-82e0-512ec7dea7e7.jpg', 51),
(117, 'http://www.travel.taipei/d_upload_ttn/frontsite/tw/hotel/B0232/B0232_5cb61919-6f88-4b8c-b86d-88ba2712aa63.jpg', 51),
(118, 'http://www.travel.taipei/d_upload_ttn/frontsite/tw/hotel/B0513/B0513_6f0ac5c7-0095-43dd-9f7e-2493aba87b92.jpg', 54),
(119, 'http://www.travel.taipei/d_upload_ttn/frontsite/tw/hotel/B0513/B0513_5344ed52-1f89-4a62-aa7a-f46a04905105.jpg', 54),
(120, 'http://www.travel.taipei/d_upload_ttn/frontsite/tw/hotel/B0513/B0513_f27dc2f4-ea87-44e7-9192-1703017e2a6a.jpg', 54),
(121, 'http://www.travel.taipei/d_upload_ttn/frontsite/tw/hotel/B0036/B0036_3.jpg', 56),
(122, 'http://www.travel.taipei/d_upload_ttn/frontsite/tw/hotel/B0036/B0036_2.jpg', 56),
(123, 'http://www.travel.taipei/d_upload_ttn/frontsite/tw/hotel/B0036/B0036_1.jpg', 56),
(124, 'http://www.travel.taipei/d_upload_ttn/frontsite/tw/hotel/B0326/B0326_9ac3a945-a84d-4d70-8774-2cda55af01bb.jpg', 57),
(125, 'http://www.travel.taipei/d_upload_ttn/frontsite/tw/hotel/B0326/B0326_52fd0cd4-7cc8-4639-be57-ab0fcb50c8bd.jpg', 57),
(126, 'http://www.travel.taipei/d_upload_ttn/frontsite/tw/hotel/B0326/B0326_bc8f8883-a1ee-4926-831c-9ce274551ff3.jpg', 57),
(127, 'http://www.travel.taipei/d_upload_ttn/frontsite/tw/hotel/B0389/B0389_3.jpg', 58),
(128, 'http://www.travel.taipei/d_upload_ttn/frontsite/tw/hotel/B0389/B0389_2.jpg', 58),
(129, 'http://www.travel.taipei/d_upload_ttn/frontsite/tw/hotel/B0389/B0389_1.jpg', 58),
(130, 'http://www.travel.taipei/d_upload_ttn/frontsite/tw/hotel/B0297/B0297_1.jpg', 59),
(131, 'http://www.travel.taipei/d_upload_ttn/frontsite/tw/hotel/B0471/B0471_bfd531dd-4617-4826-b52f-6e915e63f9f8.JPG', 60),
(132, 'http://www.travel.taipei/d_upload_ttn/frontsite/tw/hotel/B0471/B0471_ee7af786-b277-446e-84f7-541ec616e690.jpg', 60),
(133, 'http://www.travel.taipei/d_upload_ttn/frontsite/tw/hotel/B0471/B0471_b34318ed-294d-4eae-b050-4b929fb120c8.jpg', 60),
(134, 'http://www.travel.taipei/d_upload_ttn/frontsite/tw/hotel/B0006/B0006_3.jpg', 62),
(135, 'http://www.travel.taipei/d_upload_ttn/frontsite/tw/hotel/B0006/B0006_2.JPG', 62),
(136, 'http://www.travel.taipei/d_upload_ttn/frontsite/tw/hotel/B0006/B0006_1.jpg', 62),
(137, 'http://www.travel.taipei/d_upload_ttn/frontsite/tw/hotel/B0499/B0499_ad183a0d-bf60-4c1d-b0b5-31cd5f08e5be.jpg', 63),
(138, 'http://www.travel.taipei/d_upload_ttn/frontsite/tw/hotel/B0499/B0499_4df54b90-01e8-4520-aa30-0dd0ca6dd2f1.jpg', 63),
(139, 'http://www.travel.taipei/d_upload_ttn/frontsite/tw/hotel/B0499/B0499_25aa53fe-98f4-4db7-a88c-24cd11b0fd78.jpg', 63),
(140, 'http://www.travel.taipei/d_upload_ttn/frontsite/tw/hotel/B0390/B0390_3.jpg', 64),
(141, 'http://www.travel.taipei/d_upload_ttn/frontsite/tw/hotel/B0390/B0390_2.jpg', 64),
(142, 'http://www.travel.taipei/d_upload_ttn/frontsite/tw/hotel/B0390/B0390_1.jpg', 64),
(143, 'http://www.travel.taipei/d_upload_ttn/frontsite/tw/hotel/B0313/B0313_3.JPG', 69),
(144, 'http://www.travel.taipei/d_upload_ttn/frontsite/tw/hotel/B0313/B0313_2.JPG', 69),
(145, 'http://www.travel.taipei/d_upload_ttn/frontsite/tw/hotel/B0313/B0313_1.JPG', 69),
(146, 'http://www.travel.taipei/d_upload_ttn/frontsite/tw/hotel/B5251/B5251_bc932ed0-11ce-4a6d-abd4-f6b31254a370.jpg', 86),
(147, 'http://www.travel.taipei/d_upload_ttn/frontsite/tw/hotel/B5251/B5251_df7c8b94-c3c9-4c5a-a8b7-f61e6fdbd76f.jpg', 86),
(148, 'http://www.travel.taipei/d_upload_ttn/frontsite/tw/hotel/B5251/B5251_62bce875-a955-4038-9722-d784037fe814.jpg', 86),
(149, 'http://www.travel.taipei/d_upload_ttn/frontsite/tw/hotel/B5251/B5251_03d8984c-1477-438c-873c-dbcde1af4f80.jpg', 86),
(150, 'http://www.travel.taipei/d_upload_ttn/frontsite/tw/hotel/B5251/B5251_50853e56-0322-4788-a8db-f278411a629b.jpg', 86),
(151, 'http://www.travel.taipei/d_upload_ttn/frontsite/tw/hotel/B5251/B5251_ebe1d985-1f57-498f-8412-85983e442d7a.jpg', 86),
(152, 'http://www.travel.taipei/d_upload_ttn/frontsite/tw/hotel/B5251/B5251_57732613-4318-4daa-b6b7-9ed673c8be13.jpg', 86),
(153, 'http://www.travel.taipei/d_upload_ttn/frontsite/tw/hotel/B5251/B5251_6aa46967-78ae-4081-998c-d812c8bd7089.jpg', 86),
(154, 'http://www.travel.taipei/d_upload_ttn/frontsite/tw/hotel/B5251/B5251_11a0fcc2-7626-43e7-b13e-37b169b6b1ce.jpg', 86),
(155, 'http://www.travel.taipei/d_upload_ttn/frontsite/tw/hotel/B5251/B5251_0766d896-b941-40a8-a16b-e3faa25c5e71.jpg', 86),
(156, 'http://www.travel.taipei/d_upload_ttn/frontsite/tw/hotel/B5251/B5251_1ecca6f6-6b5b-4cdf-b422-a7f476fa5b56.jpg', 86),
(157, 'http://www.travel.taipei/d_upload_ttn/frontsite/tw/hotel/B0167/B0167_3.jpg', 90),
(158, 'http://www.travel.taipei/d_upload_ttn/frontsite/tw/hotel/B0343/B0343_06a0d3a4-e746-4ff8-bebc-179cacc00280.JPG', 91),
(159, 'http://www.travel.taipei/d_upload_ttn/frontsite/tw/hotel/B0343/B0343_c9e31258-5cb2-461a-9890-bd23985c836f.JPG', 91),
(160, 'http://www.travel.taipei/d_upload_ttn/frontsite/tw/hotel/B0343/B0343_1df56186-9054-4535-b8aa-7a0f12fe79e3.JPG', 91),
(161, 'http://www.travel.taipei/d_upload_ttn/frontsite/tw/hotel/B0343/B0343_91734c3d-2b47-4180-b32a-d188b353062e.jpg', 91),
(162, 'http://www.travel.taipei/d_upload_ttn/frontsite/tw/hotel/B0343/B0343_2.jpg', 91),
(163, 'http://www.travel.taipei/d_upload_ttn/frontsite/tw/hotel/B0343/B0343_1.jpg', 91),
(164, 'http://www.travel.taipei/d_upload_ttn/frontsite/tw/hotel/B0489/B0489_0977df3a-a4e8-47a3-ae2a-c9194bf505dc.jpg', 92),
(165, 'http://www.travel.taipei/d_upload_ttn/frontsite/tw/hotel/B0489/B0489_39508beb-caa4-41df-8387-1df5b944736f.jpg', 92),
(166, 'http://www.travel.taipei/d_upload_ttn/frontsite/tw/hotel/B0489/B0489_2bf60a0e-d796-4440-92e8-5b02b9b4c1fc.jpg', 92),
(167, 'http://www.travel.taipei/d_upload_ttn/frontsite/tw/hotel/B5174/B5174_f38ddd4f-181f-49d4-9a5c-574b11e79cdf.jpg', 101),
(168, 'http://www.travel.taipei/d_upload_ttn/frontsite/tw/hotel/B5174/B5174_d21ec3d0-7c85-43df-b77b-5e8d5b87df1b.JPG', 101),
(169, 'http://www.travel.taipei/d_upload_ttn/frontsite/tw/hotel/B5174/B5174_98c621e4-da98-46d8-b700-7f6447318711.jpg', 101),
(170, 'http://www.travel.taipei/d_upload_ttn/frontsite/tw/hotel/B0321/B0321_3.jpg', 103),
(171, 'http://www.travel.taipei/d_upload_ttn/frontsite/tw/hotel/B0321/B0321_2.jpg', 103),
(172, 'http://www.travel.taipei/d_upload_ttn/frontsite/tw/hotel/B0321/B0321_1.jpg', 103),
(173, 'http://www.travel.taipei/d_upload_ttn/frontsite/tw/hotel/B0357/B0357_dd296d04-f122-41f7-85f4-b6859f170223.jpg', 104),
(174, 'http://www.travel.taipei/d_upload_ttn/frontsite/tw/hotel/B0357/B0357_97ef577f-1b14-450c-a859-b96f9caef5f4.jpg', 104),
(175, 'http://www.travel.taipei/d_upload_ttn/frontsite/tw/hotel/B0357/B0357_38f9fa5f-aa37-41e7-9caf-4a15171ba0e9.jpg', 104),
(176, 'http://www.travel.taipei/d_upload_ttn/frontsite/tw/hotel/B0486/B0486_e57e4a37-e1e6-4416-b865-6de7f02ff402.jpg', 107),
(177, 'http://www.travel.taipei/d_upload_ttn/frontsite/tw/hotel/B0486/B0486_d41ba168-f70f-4716-b688-b9d5d5ecef51.jpg', 107),
(178, 'http://www.travel.taipei/d_upload_ttn/frontsite/tw/hotel/B0348/B0348_33b9259b-95d7-4a6b-bc01-ea8794203ce3.jpg', 109),
(179, 'http://www.travel.taipei/d_upload_ttn/frontsite/tw/hotel/B0348/B0348_80996d3f-35e3-4228-886b-0d7f10b38014.jpg', 109),
(180, 'http://www.travel.taipei/d_upload_ttn/frontsite/tw/hotel/B0348/B0348_2.JPG', 109),
(181, 'http://www.travel.taipei/d_upload_ttn/frontsite/tw/hotel/B0158/B0158_2.jpg', 110),
(182, 'http://www.travel.taipei/d_upload_ttn/frontsite/tw/hotel/B0158/B0158_1.jpg', 110),
(183, 'http://www.travel.taipei/d_upload_ttn/frontsite/tw/hotel/B0327/B0327_b6e1857e-146e-48b5-82ef-693469abc437.jpg', 112),
(184, 'http://www.travel.taipei/d_upload_ttn/frontsite/tw/hotel/B0327/B0327_fb8f8f4b-0091-4861-b4a2-2facf8f36619.jpg', 112),
(185, 'http://www.travel.taipei/d_upload_ttn/frontsite/tw/hotel/B0327/B0327_9054654e-7ae6-4679-ba13-77514f6df4b8.jpg', 112),
(186, 'http://www.travel.taipei/d_upload_ttn/frontsite/tw/hotel/B0433/B0433_185d98ac-c752-4129-ad79-4374e4f11645.gif', 113),
(187, 'http://www.travel.taipei/d_upload_ttn/frontsite/tw/hotel/B0433/B0433_1705c857-28fb-4b04-8943-842c34f0aba7.gif', 113),
(188, 'http://www.travel.taipei/d_upload_ttn/frontsite/tw/hotel/B0433/B0433_3daf197f-9afe-484f-ad78-798794ce373a.gif', 113),
(189, 'http://www.travel.taipei/d_upload_ttn/frontsite/tw/hotel/B0246/B0246_3.jpg', 114),
(190, 'http://www.travel.taipei/d_upload_ttn/frontsite/tw/hotel/B0246/B0246_2.jpg', 114),
(191, 'http://www.travel.taipei/d_upload_ttn/frontsite/tw/hotel/B0246/B0246_1.JPG', 114),
(192, 'http://www.travel.taipei/d_upload_ttn/frontsite/tw/hotel/B0457/B0457_14ec5585-4552-4c60-8be0-c2acffb461c3.jpg', 115),
(193, 'http://www.travel.taipei/d_upload_ttn/frontsite/tw/hotel/B0457/B0457_d63ac59a-8796-43ed-a9d1-09f298bc387b.jpg', 115),
(194, 'http://www.travel.taipei/d_upload_ttn/frontsite/tw/hotel/B0457/B0457_df567ac1-e841-4c08-8046-33bee7fccfc6.jpg', 115),
(195, 'http://www.travel.taipei/d_upload_ttn/frontsite/tw/hotel/B0431/B0431_56fd2398-9ae6-4eff-9e39-066c538d32bc.jpg', 116),
(196, 'http://www.travel.taipei/d_upload_ttn/frontsite/tw/hotel/B0431/B0431_f8d819b9-8ad2-4f35-9c51-f4d08edd29b5.jpg', 116),
(197, 'http://www.travel.taipei/d_upload_ttn/frontsite/tw/hotel/B0431/B0431_ffee4e62-85a0-4c8b-aa1d-3f8dcbc647c7.jpg', 116),
(198, 'http://www.travel.taipei/d_upload_ttn/frontsite/tw/hotel/B0434/B0434_70e549ff-75a2-49c1-ad82-81d96c08034d.jpg', 117),
(199, 'http://www.travel.taipei/d_upload_ttn/frontsite/tw/hotel/B0434/B0434_dda48cbf-cdd7-4d26-9237-f40e5f9d5a0e.jpg', 117),
(200, 'http://www.travel.taipei/d_upload_ttn/frontsite/tw/hotel/B0434/B0434_114431f8-7604-4b57-b50b-f7a0db8dabc0.jpg', 117),
(201, 'http://www.travel.taipei/d_upload_ttn/frontsite/tw/hotel/B0428/B0428_a4e3222d-11ff-41dd-ad02-8b0a931b0a05.gif', 119),
(202, 'http://www.travel.taipei/d_upload_ttn/frontsite/tw/hotel/B0428/B0428_f8757e25-4b1d-4ba4-86fa-e906542f3386.gif', 119),
(203, 'http://www.travel.taipei/d_upload_ttn/frontsite/tw/hotel/B0428/B0428_36c8d622-c8f1-4fe0-b42c-ae03a837203a.gif', 119),
(204, 'http://www.travel.taipei/d_upload_ttn/frontsite/tw/hotel/B0430/B0430_b2751b94-20be-45b3-9488-e5cbace5df2a.jpg', 120),
(205, 'http://www.travel.taipei/d_upload_ttn/frontsite/tw/hotel/B0430/B0430_cde5293b-519a-4778-8cf0-c2dda656b752.jpg', 120),
(206, 'http://www.travel.taipei/d_upload_ttn/frontsite/tw/hotel/B0430/B0430_020304f1-e07e-4eac-85ea-7dc35b24916f.JPG', 120),
(207, 'http://www.travel.taipei/d_upload_ttn/frontsite/tw/hotel/B0203/B0203_3.JPG', 121),
(208, 'http://www.travel.taipei/d_upload_ttn/frontsite/tw/hotel/B0203/B0203_2.JPG', 121),
(209, 'http://www.travel.taipei/d_upload_ttn/frontsite/tw/hotel/B0203/B0203_1.JPG', 121),
(210, 'http://www.travel.taipei/d_upload_ttn/frontsite/tw/hotel/B0134/B0134_3.JPG', 122),
(211, 'http://www.travel.taipei/d_upload_ttn/frontsite/tw/hotel/B0134/B0134_2.JPG', 122),
(212, 'http://www.travel.taipei/d_upload_ttn/frontsite/tw/hotel/B0134/B0134_1.JPG', 122),
(213, 'http://www.travel.taipei/d_upload_ttn/frontsite/tw/hotel/B0024/B0024_3.JPG', 123),
(214, 'http://www.travel.taipei/d_upload_ttn/frontsite/tw/hotel/B0024/B0024_2.JPG', 123),
(215, 'http://www.travel.taipei/d_upload_ttn/frontsite/tw/hotel/B0024/B0024_1.jpg', 123),
(216, 'http://www.travel.taipei/d_upload_ttn/frontsite/tw/hotel/B0279/B0279_3.jpg', 124),
(217, 'http://www.travel.taipei/d_upload_ttn/frontsite/tw/hotel/B0279/B0279_2.jpg', 124),
(218, 'http://www.travel.taipei/d_upload_ttn/frontsite/tw/hotel/B0279/B0279_1.jpg', 124),
(219, 'http://www.travel.taipei/d_upload_ttn/frontsite/tw/hotel/B0201/B0201_3.jpg', 125),
(220, 'http://www.travel.taipei/d_upload_ttn/frontsite/tw/hotel/B0201/B0201_2.jpg', 125),
(221, 'http://www.travel.taipei/d_upload_ttn/frontsite/tw/hotel/B0201/B0201_1.jpg', 125),
(222, 'http://www.travel.taipei/d_upload_ttn/frontsite/tw/hotel/B0081/B0081_3.JPG', 126),
(223, 'http://www.travel.taipei/d_upload_ttn/frontsite/tw/hotel/B0081/B0081_2.JPG', 126),
(224, 'http://www.travel.taipei/d_upload_ttn/frontsite/tw/hotel/B0081/B0081_1.JPG', 126),
(225, 'http://www.travel.taipei/d_upload_ttn/frontsite/tw/hotel/B0150/B0150_3.JPG', 127),
(226, 'http://www.travel.taipei/d_upload_ttn/frontsite/tw/hotel/B0150/B0150_2.JPG', 127),
(227, 'http://www.travel.taipei/d_upload_ttn/frontsite/tw/hotel/B0150/B0150_1.JPG', 127),
(228, 'http://www.travel.taipei/d_upload_ttn/frontsite/tw/hotel/B0025/B0025_30.jpg', 128),
(229, 'http://www.travel.taipei/d_upload_ttn/frontsite/tw/hotel/B0025/B0025_29.jpg', 128),
(230, 'http://www.travel.taipei/d_upload_ttn/frontsite/tw/hotel/B0025/B0025_28.jpg', 128),
(231, 'http://www.travel.taipei/d_upload_ttn/frontsite/tw/hotel/B0025/B0025_27.jpeg', 128),
(232, 'http://www.travel.taipei/d_upload_ttn/frontsite/tw/hotel/B0086/B0086_3.jpg', 129),
(233, 'http://www.travel.taipei/d_upload_ttn/frontsite/tw/hotel/B0086/B0086_2.jpg', 129),
(234, 'http://www.travel.taipei/d_upload_ttn/frontsite/tw/hotel/B0086/B0086_1.jpg', 129),
(235, 'http://www.travel.taipei/d_upload_ttn/frontsite/tw/hotel/B0002/B0002_3.jpg', 130),
(236, 'http://www.travel.taipei/d_upload_ttn/frontsite/tw/hotel/B0002/B0002_2.jpg', 130),
(237, 'http://www.travel.taipei/d_upload_ttn/frontsite/tw/hotel/B0002/B0002_1.jpg', 130),
(238, 'http://www.travel.taipei/d_upload_ttn/frontsite/tw/hotel/B0105/B0105_3.jpg', 131),
(239, 'http://www.travel.taipei/d_upload_ttn/frontsite/tw/hotel/B0105/B0105_2.jpg', 131),
(240, 'http://www.travel.taipei/d_upload_ttn/frontsite/tw/hotel/B0105/B0105_1.jpg', 131),
(241, 'http://www.travel.taipei/d_upload_ttn/frontsite/tw/hotel/B0308/B0308_3.jpg', 132),
(242, 'http://www.travel.taipei/d_upload_ttn/frontsite/tw/hotel/B0308/B0308_2.jpg', 132),
(243, 'http://www.travel.taipei/d_upload_ttn/frontsite/tw/hotel/B0308/B0308_1.jpg', 132),
(244, 'http://www.travel.taipei/d_upload_ttn/frontsite/tw/hotel/B0315/B0315_3.jpg', 133),
(245, 'http://www.travel.taipei/d_upload_ttn/frontsite/tw/hotel/B0315/B0315_2.jpg', 133),
(246, 'http://www.travel.taipei/d_upload_ttn/frontsite/tw/hotel/B0315/B0315_1.jpg', 133),
(247, 'http://www.travel.taipei/d_upload_ttn/frontsite/tw/hotel/B0019/B0019_3.JPG', 134),
(248, 'http://www.travel.taipei/d_upload_ttn/frontsite/tw/hotel/B0019/B0019_2.JPG', 134),
(249, 'http://www.travel.taipei/d_upload_ttn/frontsite/tw/hotel/B0019/B0019_1.jpg', 134),
(250, 'http://www.travel.taipei/d_upload_ttn/frontsite/tw/hotel/B0294/B0294_3.jpg', 135),
(251, 'http://www.travel.taipei/d_upload_ttn/frontsite/tw/hotel/B0294/B0294_2.jpg', 135),
(252, 'http://www.travel.taipei/d_upload_ttn/frontsite/tw/hotel/B0294/B0294_1.jpg', 135),
(253, 'http://www.travel.taipei/d_upload_ttn/frontsite/tw/hotel/B0080/B0080_3.jpg', 136),
(254, 'http://www.travel.taipei/d_upload_ttn/frontsite/tw/hotel/B0080/B0080_2.jpg', 136),
(255, 'http://www.travel.taipei/d_upload_ttn/frontsite/tw/hotel/B0080/B0080_1.jpg', 136),
(256, 'http://www.travel.taipei/d_upload_ttn/frontsite/tw/hotel/B0238/B0238_3.jpg', 137),
(257, 'http://www.travel.taipei/d_upload_ttn/frontsite/tw/hotel/B0238/B0238_2.jpg', 137),
(258, 'http://www.travel.taipei/d_upload_ttn/frontsite/tw/hotel/B0238/B0238_1.jpg', 137),
(259, 'http://www.travel.taipei/d_upload_ttn/frontsite/tw/hotel/B0183/B0183_3.jpg', 138),
(260, 'http://www.travel.taipei/d_upload_ttn/frontsite/tw/hotel/B0183/B0183_2.jpg', 138),
(261, 'http://www.travel.taipei/d_upload_ttn/frontsite/tw/hotel/B0183/B0183_1.jpg', 138),
(262, 'http://www.travel.taipei/d_upload_ttn/frontsite/tw/hotel/B0125/B0125_3.jpg', 139),
(263, 'http://www.travel.taipei/d_upload_ttn/frontsite/tw/hotel/B0125/B0125_2.jpg', 139),
(264, 'http://www.travel.taipei/d_upload_ttn/frontsite/tw/hotel/B0125/B0125_1.jpg', 139),
(265, 'http://www.travel.taipei/d_upload_ttn/frontsite/tw/hotel/B0220/B0220_3.jpg', 140),
(266, 'http://www.travel.taipei/d_upload_ttn/frontsite/tw/hotel/B0220/B0220_2.jpg', 140),
(267, 'http://www.travel.taipei/d_upload_ttn/frontsite/tw/hotel/B0220/B0220_1.jpg', 140),
(268, 'http://www.travel.taipei/d_upload_ttn/frontsite/tw/hotel/B0077/B0077_1.jpg', 141),
(269, 'http://www.travel.taipei/d_upload_ttn/frontsite/tw/hotel/B0262/B0262_3.jpg', 142),
(270, 'http://www.travel.taipei/d_upload_ttn/frontsite/tw/hotel/B0262/B0262_2.jpg', 142),
(271, 'http://www.travel.taipei/d_upload_ttn/frontsite/tw/hotel/B0262/B0262_1.jpg', 142),
(272, 'http://www.travel.taipei/d_upload_ttn/frontsite/tw/hotel/B0226/B0226_3.jpg', 143),
(273, 'http://www.travel.taipei/d_upload_ttn/frontsite/tw/hotel/B0226/B0226_2.jpg', 143),
(274, 'http://www.travel.taipei/d_upload_ttn/frontsite/tw/hotel/B0226/B0226_1.jpg', 143),
(275, 'http://www.travel.taipei/d_upload_ttn/frontsite/tw/hotel/B0227/B0227_3.JPG', 144),
(276, 'http://www.travel.taipei/d_upload_ttn/frontsite/tw/hotel/B0227/B0227_2.JPG', 144),
(277, 'http://www.travel.taipei/d_upload_ttn/frontsite/tw/hotel/B0227/B0227_1.JPG', 144),
(278, 'http://www.travel.taipei/d_upload_ttn/frontsite/tw/hotel/B0193/B0193_2.jpg', 145),
(279, 'http://www.travel.taipei/d_upload_ttn/frontsite/tw/hotel/B0193/B0193_1.jpg', 145),
(280, 'http://www.travel.taipei/d_upload_ttn/frontsite/tw/hotel/B0116/B0116_3.JPG', 146),
(281, 'http://www.travel.taipei/d_upload_ttn/frontsite/tw/hotel/B0116/B0116_2.JPG', 146),
(282, 'http://www.travel.taipei/d_upload_ttn/frontsite/tw/hotel/B0116/B0116_1.JPG', 146),
(283, 'http://www.travel.taipei/d_upload_ttn/frontsite/tw/hotel/B0017/B0017_3.JPG', 147),
(284, 'http://www.travel.taipei/d_upload_ttn/frontsite/tw/hotel/B0017/B0017_2.JPG', 147),
(285, 'http://www.travel.taipei/d_upload_ttn/frontsite/tw/hotel/B0017/B0017_1.JPG', 147),
(286, 'http://www.travel.taipei/d_upload_ttn/frontsite/tw/hotel/B0005/B0005_3.jpg', 148),
(287, 'http://www.travel.taipei/d_upload_ttn/frontsite/tw/hotel/B0005/B0005_2.jpg', 148),
(288, 'http://www.travel.taipei/d_upload_ttn/frontsite/tw/hotel/B0005/B0005_1.jpg', 148),
(289, 'http://www.travel.taipei/d_upload_ttn/frontsite/tw/hotel/B0186/B0186_4fc5228a-d421-4f84-b2c9-c450db892a97.gif', 149),
(290, 'http://www.travel.taipei/d_upload_ttn/frontsite/tw/hotel/B0186/B0186_6391166d-de0f-420c-9c21-ccf76ceefd38.gif', 149),
(291, 'http://www.travel.taipei/d_upload_ttn/frontsite/tw/hotel/B0186/B0186_787b4f1d-3ed2-4eb6-888e-27bf3073fbfd.gif', 149),
(292, 'http://www.travel.taipei/d_upload_ttn/frontsite/tw/hotel/B0240/B0240_3.jpg', 151),
(293, 'http://www.travel.taipei/d_upload_ttn/frontsite/tw/hotel/B0240/B0240_2.jpg', 151),
(294, 'http://www.travel.taipei/d_upload_ttn/frontsite/tw/hotel/B0240/B0240_1.jpg', 151),
(295, 'http://www.travel.taipei/d_upload_ttn/frontsite/tw/hotel/B0503/B0503_dfaade2d-0f3f-4376-8a7a-4829505a9a19.jpg', 154),
(296, 'http://www.travel.taipei/d_upload_ttn/frontsite/tw/hotel/B0503/B0503_9ccbe0c2-537b-43ef-826e-7b4e0c7c0a20.jpg', 154),
(297, 'http://www.travel.taipei/d_upload_ttn/frontsite/tw/hotel/B0503/B0503_05d015c4-4806-4f24-8bab-2de8fd77d4b8.jpg', 154),
(298, 'http://www.travel.taipei/d_upload_ttn/frontsite/tw/hotel/B0051/B0051_3.jpg', 160),
(299, 'http://www.travel.taipei/d_upload_ttn/frontsite/tw/hotel/B0051/B0051_2.jpg', 160),
(300, 'http://www.travel.taipei/d_upload_ttn/frontsite/tw/hotel/B0051/B0051_1.jpg', 160),
(301, 'http://www.travel.taipei/d_upload_ttn/frontsite/tw/hotel/B0296/B0296_3.jpg', 170),
(302, 'http://www.travel.taipei/d_upload_ttn/frontsite/tw/hotel/B0296/B0296_2.jpg', 170),
(303, 'http://www.travel.taipei/d_upload_ttn/frontsite/tw/hotel/B0296/B0296_1.jpg', 170),
(304, 'http://www.travel.taipei/d_upload_ttn/frontsite/tw/hotel/B0460/B0460_82312a9d-e8e1-46dc-b4f2-c574ba63ea0c.JPG', 171),
(305, 'http://www.travel.taipei/d_upload_ttn/frontsite/tw/hotel/B0460/B0460_cfd78842-05ab-4175-9a4d-f6acb1de14f0.JPG', 171),
(306, 'http://www.travel.taipei/d_upload_ttn/frontsite/tw/hotel/B0460/B0460_72135165-0f78-446c-a152-af40a11e8998.JPG', 171),
(307, 'http://www.travel.taipei/d_upload_ttn/frontsite/tw/hotel/B0408/B0408_3.jpg', 172),
(308, 'http://www.travel.taipei/d_upload_ttn/frontsite/tw/hotel/B0408/B0408_2.jpg', 172),
(309, 'http://www.travel.taipei/d_upload_ttn/frontsite/tw/hotel/B0408/B0408_1.jpg', 172),
(310, 'http://www.travel.taipei/d_upload_ttn/frontsite/tw/hotel/B0214/B0214_3.jpg', 173),
(311, 'http://www.travel.taipei/d_upload_ttn/frontsite/tw/hotel/B0214/B0214_2.jpg', 173),
(312, 'http://www.travel.taipei/d_upload_ttn/frontsite/tw/hotel/B0214/B0214_1.jpg', 173),
(313, 'http://www.travel.taipei/d_upload_ttn/frontsite/tw/hotel/B0282/B0282_3.jpg', 174),
(314, 'http://www.travel.taipei/d_upload_ttn/frontsite/tw/hotel/B0282/B0282_2.jpg', 174),
(315, 'http://www.travel.taipei/d_upload_ttn/frontsite/tw/hotel/B0282/B0282_1.jpg', 174),
(316, 'http://www.travel.taipei/d_upload_ttn/frontsite/tw/hotel/B0099/B0099_3.jpg', 175),
(317, 'http://www.travel.taipei/d_upload_ttn/frontsite/tw/hotel/B0099/B0099_2.jpg', 175),
(318, 'http://www.travel.taipei/d_upload_ttn/frontsite/tw/hotel/B0099/B0099_1.jpg', 175),
(319, 'http://www.travel.taipei/d_upload_ttn/frontsite/tw/hotel/B0172/B0172_3.JPG', 176),
(320, 'http://www.travel.taipei/d_upload_ttn/frontsite/tw/hotel/B0172/B0172_2.JPG', 176),
(321, 'http://www.travel.taipei/d_upload_ttn/frontsite/tw/hotel/B0172/B0172_1.JPG', 176),
(322, 'http://www.travel.taipei/d_upload_ttn/frontsite/tw/hotel/B0041/B0041_3.jpg', 177),
(323, 'http://www.travel.taipei/d_upload_ttn/frontsite/tw/hotel/B0041/B0041_2.jpg', 177),
(324, 'http://www.travel.taipei/d_upload_ttn/frontsite/tw/hotel/B0041/B0041_1.jpg', 177),
(325, 'http://www.travel.taipei/d_upload_ttn/frontsite/tw/hotel/B0074/B0074_3.jpg', 178),
(326, 'http://www.travel.taipei/d_upload_ttn/frontsite/tw/hotel/B0074/B0074_2.jpg', 178),
(327, 'http://www.travel.taipei/d_upload_ttn/frontsite/tw/hotel/B0074/B0074_1.jpg', 178),
(328, 'http://www.travel.taipei/d_upload_ttn/frontsite/tw/hotel/B0137/B0137_3.JPG', 179),
(329, 'http://www.travel.taipei/d_upload_ttn/frontsite/tw/hotel/B0137/B0137_2.JPG', 179),
(330, 'http://www.travel.taipei/d_upload_ttn/frontsite/tw/hotel/B0137/B0137_1.JPG', 179),
(331, 'http://www.travel.taipei/d_upload_ttn/frontsite/tw/hotel/B0168/B0168_3.JPG', 180),
(332, 'http://www.travel.taipei/d_upload_ttn/frontsite/tw/hotel/B0168/B0168_2.JPG', 180),
(333, 'http://www.travel.taipei/d_upload_ttn/frontsite/tw/hotel/B0168/B0168_1.JPG', 180),
(334, 'http://www.travel.taipei/d_upload_ttn/frontsite/tw/hotel/B0075/B0075_c939a870-caee-46b6-8b14-b157bf3adedd.jpg', 181),
(335, 'http://www.travel.taipei/d_upload_ttn/frontsite/tw/hotel/B0075/B0075_2e4e3455-cf51-4c8c-b23e-4d409a5e8756.jpg', 181),
(336, 'http://www.travel.taipei/d_upload_ttn/frontsite/tw/hotel/B0075/B0075_55323e4c-0ed6-4533-961a-be68e28a0a58.jpg', 181),
(337, 'http://www.travel.taipei/d_upload_ttn/frontsite/tw/hotel/B0075/B0075_d6649199-e817-42b9-8d66-a52a66d51c93.jpg', 181),
(338, 'http://www.travel.taipei/d_upload_ttn/frontsite/tw/hotel/B0075/B0075_ff14e911-e65c-4df6-874d-369839c63a01.jpg', 181),
(339, 'http://www.travel.taipei/d_upload_ttn/frontsite/tw/hotel/B0075/B0075_433a041a-271e-40db-9ae4-705be9700117.jpg', 181),
(340, 'http://www.travel.taipei/d_upload_ttn/frontsite/tw/hotel/B0091/B0091_3.jpg', 182),
(341, 'http://www.travel.taipei/d_upload_ttn/frontsite/tw/hotel/B0091/B0091_2.jpg', 182),
(342, 'http://www.travel.taipei/d_upload_ttn/frontsite/tw/hotel/B0091/B0091_1.jpg', 182),
(343, 'http://www.travel.taipei/d_upload_ttn/frontsite/tw/hotel/B0340/B0340_3d7c69e2-a127-48ca-859d-85d782e30914.jpg', 183),
(344, 'http://www.travel.taipei/d_upload_ttn/frontsite/tw/hotel/B0340/B0340_8338cbf6-a044-47ab-849a-9aea33b0764c.jpg', 183),
(345, 'http://www.travel.taipei/d_upload_ttn/frontsite/tw/hotel/B0340/B0340_8e474abd-bb5d-48f4-8f28-7fe080b79ab8.jpg', 183),
(346, 'http://www.travel.taipei/d_upload_ttn/frontsite/tw/hotel/B0340/B0340_157a24b2-7bc4-4de9-8863-9e6742a4b6c1.jpg', 183),
(347, 'http://www.travel.taipei/d_upload_ttn/frontsite/tw/hotel/B0340/B0340_3.jpg', 183),
(348, 'http://www.travel.taipei/d_upload_ttn/frontsite/tw/hotel/B0340/B0340_2.jpg', 183),
(349, 'http://www.travel.taipei/d_upload_ttn/frontsite/tw/hotel/B0340/B0340_1.jpg', 183),
(350, 'http://www.travel.taipei/d_upload_ttn/frontsite/tw/hotel/B0369/B0369_3.jpg', 184),
(351, 'http://www.travel.taipei/d_upload_ttn/frontsite/tw/hotel/B0369/B0369_2.jpg', 184),
(352, 'http://www.travel.taipei/d_upload_ttn/frontsite/tw/hotel/B0369/B0369_1.jpg', 184),
(353, 'http://www.travel.taipei/d_upload_ttn/frontsite/tw/hotel/B0001/B0001_3.JPG', 185),
(354, 'http://www.travel.taipei/d_upload_ttn/frontsite/tw/hotel/B0001/B0001_2.JPG', 185),
(355, 'http://www.travel.taipei/d_upload_ttn/frontsite/tw/hotel/B0001/B0001_1.jpg', 185),
(356, 'http://www.travel.taipei/d_upload_ttn/frontsite/tw/hotel/B0144/B0144_3.jpg', 186),
(357, 'http://www.travel.taipei/d_upload_ttn/frontsite/tw/hotel/B0144/B0144_2.jpg', 186),
(358, 'http://www.travel.taipei/d_upload_ttn/frontsite/tw/hotel/B0144/B0144_1.jpg', 186),
(359, 'http://www.travel.taipei/d_upload_ttn/frontsite/tw/hotel/B0104/B0104_3.jpg', 187),
(360, 'http://www.travel.taipei/d_upload_ttn/frontsite/tw/hotel/B0104/B0104_2.jpg', 187),
(361, 'http://www.travel.taipei/d_upload_ttn/frontsite/tw/hotel/B0104/B0104_1.jpg', 187),
(362, 'http://www.travel.taipei/d_upload_ttn/frontsite/tw/hotel/B0083/B0083_bd34b61b-4071-46c3-a4dd-f2ef596edea8.jpg', 188),
(363, 'http://www.travel.taipei/d_upload_ttn/frontsite/tw/hotel/B0083/B0083_91c9368b-2a5e-41c2-8f48-6b3baf33b113.jpg', 188),
(364, 'http://www.travel.taipei/d_upload_ttn/frontsite/tw/hotel/B0083/B0083_da810971-ef09-47c6-b7c3-1bbbdc5d2fe1.jpg', 188),
(365, 'http://www.travel.taipei/d_upload_ttn/frontsite/tw/hotel/B0083/B0083_e1f983ec-c76d-44bb-a229-44e48bb64866.jpg', 188),
(366, 'http://www.travel.taipei/d_upload_ttn/frontsite/tw/hotel/B0083/B0083_229d87ba-8cc2-4e81-b0ed-9ff8957f3ca8.jpg', 188),
(367, 'http://www.travel.taipei/d_upload_ttn/frontsite/tw/hotel/B0083/B0083_f6446dab-9e52-42ff-9246-ccf12c0ffff4.jpg', 188),
(368, 'http://www.travel.taipei/d_upload_ttn/frontsite/tw/hotel/B0083/B0083_0c2505d1-291a-4193-a5ad-deaedf2b8b1f.jpg', 188),
(369, 'http://www.travel.taipei/d_upload_ttn/frontsite/tw/hotel/B0083/B0083_edff3182-6a58-4055-98f5-25d3d945e26a.jpg', 188),
(370, 'http://www.travel.taipei/d_upload_ttn/frontsite/tw/hotel/B0083/B0083_be860685-a092-4d4e-9b83-82230c2e6195.jpg', 188),
(371, 'http://www.travel.taipei/d_upload_ttn/frontsite/tw/hotel/B0083/B0083_8eea5e0e-5fe6-4c5d-861d-69e20f432719.jpg', 188),
(372, 'http://www.travel.taipei/d_upload_ttn/frontsite/tw/hotel/B0083/B0083_c5b75c5d-2c87-4f27-b1f9-3cedbe44cdc0.jpg', 188),
(373, 'http://www.travel.taipei/d_upload_ttn/frontsite/tw/hotel/B0083/B0083_6997fc5b-16e1-44fc-97ea-0214d51eda68.jpg', 188),
(374, 'http://www.travel.taipei/d_upload_ttn/frontsite/tw/hotel/B0083/B0083_cbba10bd-daec-4dd1-8e2a-9c076c3deef3.jpg', 188),
(375, 'http://www.travel.taipei/d_upload_ttn/frontsite/tw/hotel/B0083/B0083_c277a50f-3a99-46d9-a23d-6a838724d2eb.jpg', 188),
(376, 'http://www.travel.taipei/d_upload_ttn/frontsite/tw/hotel/B0083/B0083_3f30a7a2-4d50-453e-9d55-87ada9da4d13.jpg', 188),
(377, 'http://www.travel.taipei/d_upload_ttn/frontsite/tw/hotel/B0059/B0059_3.jpg', 190),
(378, 'http://www.travel.taipei/d_upload_ttn/frontsite/tw/hotel/B0059/B0059_2.jpg', 190),
(379, 'http://www.travel.taipei/d_upload_ttn/frontsite/tw/hotel/B0059/B0059_1.jpg', 190),
(380, 'http://www.travel.taipei/d_upload_ttn/frontsite/tw/hotel/B0157/B0157_3.jpg', 191),
(381, 'http://www.travel.taipei/d_upload_ttn/frontsite/tw/hotel/B0157/B0157_2.jpg', 191),
(382, 'http://www.travel.taipei/d_upload_ttn/frontsite/tw/hotel/B0157/B0157_1.jpg', 191),
(383, 'http://www.travel.taipei/d_upload_ttn/frontsite/tw/hotel/B0320/B0320_3.jpg', 192),
(384, 'http://www.travel.taipei/d_upload_ttn/frontsite/tw/hotel/B0320/B0320_2.jpg', 192),
(385, 'http://www.travel.taipei/d_upload_ttn/frontsite/tw/hotel/B0320/B0320_1.jpg', 192),
(386, 'http://www.travel.taipei/d_upload_ttn/frontsite/tw/hotel/B0206/B0206_3.jpg', 193),
(387, 'http://www.travel.taipei/d_upload_ttn/frontsite/tw/hotel/B0206/B0206_2.jpg', 193),
(388, 'http://www.travel.taipei/d_upload_ttn/frontsite/tw/hotel/B0206/B0206_1.jpg', 193),
(389, 'http://www.travel.taipei/d_upload_ttn/frontsite/tw/hotel/B0288/B0288_3.JPG', 194),
(390, 'http://www.travel.taipei/d_upload_ttn/frontsite/tw/hotel/B0288/B0288_2.jpg', 194),
(391, 'http://www.travel.taipei/d_upload_ttn/frontsite/tw/hotel/B0288/B0288_1.jpg', 194),
(392, 'http://www.travel.taipei/d_upload_ttn/frontsite/tw/hotel/B0237/B0237_3.JPG', 195),
(393, 'http://www.travel.taipei/d_upload_ttn/frontsite/tw/hotel/B0237/B0237_2.JPG', 195),
(394, 'http://www.travel.taipei/d_upload_ttn/frontsite/tw/hotel/B0237/B0237_1.jpg', 195),
(395, 'http://www.travel.taipei/d_upload_ttn/frontsite/tw/hotel/B0106/B0106_3.JPG', 196),
(396, 'http://www.travel.taipei/d_upload_ttn/frontsite/tw/hotel/B0106/B0106_2.JPG', 196),
(397, 'http://www.travel.taipei/d_upload_ttn/frontsite/tw/hotel/B0106/B0106_1.jpg', 196),
(398, 'http://www.travel.taipei/d_upload_ttn/frontsite/tw/hotel/B0110/B0110_3.JPG', 197),
(399, 'http://www.travel.taipei/d_upload_ttn/frontsite/tw/hotel/B0110/B0110_2.jpg', 197),
(400, 'http://www.travel.taipei/d_upload_ttn/frontsite/tw/hotel/B0110/B0110_1.jpg', 197),
(401, 'http://www.travel.taipei/d_upload_ttn/frontsite/tw/hotel/B0411/B0411_3.jpg', 198),
(402, 'http://www.travel.taipei/d_upload_ttn/frontsite/tw/hotel/B0411/B0411_2.jpg', 198),
(403, 'http://www.travel.taipei/d_upload_ttn/frontsite/tw/hotel/B0411/B0411_1.jpg', 198),
(404, 'http://www.travel.taipei/d_upload_ttn/frontsite/tw/hotel/B0261/B0261_3.jpg', 199),
(405, 'http://www.travel.taipei/d_upload_ttn/frontsite/tw/hotel/B0261/B0261_2.jpg', 199),
(406, 'http://www.travel.taipei/d_upload_ttn/frontsite/tw/hotel/B0261/B0261_1.jpg', 199),
(407, 'http://www.travel.taipei/d_upload_ttn/frontsite/tw/hotel/B0136/B0136_3.JPG', 200),
(408, 'http://www.travel.taipei/d_upload_ttn/frontsite/tw/hotel/B0136/B0136_1.JPG', 200),
(409, 'http://www.travel.taipei/d_upload_ttn/frontsite/tw/hotel/B0136/B0136_2.JPG', 200),
(410, 'http://www.travel.taipei/d_upload_ttn/frontsite/tw/hotel/B0136/B0136_ecec02c4-1a0b-4f77-bb42-f50c6c6edfb7.JPG', 200),
(411, 'http://www.travel.taipei/d_upload_ttn/frontsite/tw/hotel/B0136/B0136_cad99491-fff6-4386-9dd5-93b1c6a964b6.JPG', 200),
(412, 'http://www.travel.taipei/d_upload_ttn/frontsite/tw/hotel/B0191/B0191_3.jpg', 201),
(413, 'http://www.travel.taipei/d_upload_ttn/frontsite/tw/hotel/B0191/B0191_2.jpg', 201),
(414, 'http://www.travel.taipei/d_upload_ttn/frontsite/tw/hotel/B0191/B0191_1.jpg', 201),
(415, 'http://www.travel.taipei/d_upload_ttn/frontsite/tw/hotel/B0284/B0284_2.jpg', 202),
(416, 'http://www.travel.taipei/d_upload_ttn/frontsite/tw/hotel/B0284/B0284_1.jpg', 202),
(417, 'http://www.travel.taipei/d_upload_ttn/frontsite/tw/hotel/B0299/B0299_3.jpg', 203),
(418, 'http://www.travel.taipei/d_upload_ttn/frontsite/tw/hotel/B0299/B0299_2.jpg', 203),
(419, 'http://www.travel.taipei/d_upload_ttn/frontsite/tw/hotel/B0299/B0299_1.jpg', 203),
(420, 'http://www.travel.taipei/d_upload_ttn/frontsite/tw/hotel/B0115/B0115_cef81e11-452a-48b3-8c05-82faccc4ec1d.png', 204),
(421, 'http://www.travel.taipei/d_upload_ttn/frontsite/tw/hotel/B0115/B0115_148ddce5-38fd-48be-a36a-21605dbbf289.png', 204),
(422, 'http://www.travel.taipei/d_upload_ttn/frontsite/tw/hotel/B0115/B0115_e764b326-d1d2-475d-86e3-2598fadee04c.png', 204),
(423, 'http://www.travel.taipei/d_upload_ttn/frontsite/tw/hotel/B0147/B0147_3.jpg', 205),
(424, 'http://www.travel.taipei/d_upload_ttn/frontsite/tw/hotel/B0147/B0147_2.jpg', 205),
(425, 'http://www.travel.taipei/d_upload_ttn/frontsite/tw/hotel/B0147/B0147_1.jpg', 205),
(426, 'http://www.travel.taipei/d_upload_ttn/frontsite/tw/hotel/B0070/B0070_3.JPG', 206),
(427, 'http://www.travel.taipei/d_upload_ttn/frontsite/tw/hotel/B0070/B0070_3.JPG', 206),
(428, 'http://www.travel.taipei/d_upload_ttn/frontsite/tw/hotel/B0070/B0070_1.JPG', 206),
(429, 'http://www.travel.taipei/d_upload_ttn/frontsite/tw/hotel/B0171/B0171_3.JPG', 207),
(430, 'http://www.travel.taipei/d_upload_ttn/frontsite/tw/hotel/B0171/B0171_2.JPG', 207),
(431, 'http://www.travel.taipei/d_upload_ttn/frontsite/tw/hotel/B0171/B0171_1.JPG', 207),
(432, 'http://www.travel.taipei/d_upload_ttn/frontsite/tw/hotel/B0198/B0198_3.png', 208),
(433, 'http://www.travel.taipei/d_upload_ttn/frontsite/tw/hotel/B0198/B0198_2.png', 208),
(434, 'http://www.travel.taipei/d_upload_ttn/frontsite/tw/hotel/B0198/B0198_1.jpg', 208),
(435, 'http://www.travel.taipei/d_upload_ttn/frontsite/tw/hotel/B0452/B0452_3a5e22d8-7bde-4324-9db5-81aa6f6ef765.JPG', 209),
(436, 'http://www.travel.taipei/d_upload_ttn/frontsite/tw/hotel/B0452/B0452_951fa586-fda7-49e0-aafa-f8c2257990ba.JPG', 209),
(437, 'http://www.travel.taipei/d_upload_ttn/frontsite/tw/hotel/B0266/B0266_3.jpg', 210),
(438, 'http://www.travel.taipei/d_upload_ttn/frontsite/tw/hotel/B0266/B0266_2.jpg', 210),
(439, 'http://www.travel.taipei/d_upload_ttn/frontsite/tw/hotel/B0266/B0266_1.jpg', 210),
(440, 'http://www.travel.taipei/d_upload_ttn/frontsite/tw/hotel/B0353/B0353_3.jpg', 211),
(441, 'http://www.travel.taipei/d_upload_ttn/frontsite/tw/hotel/B0353/B0353_2.JPG', 211),
(442, 'http://www.travel.taipei/d_upload_ttn/frontsite/tw/hotel/B0353/B0353_1.jpg', 211),
(443, 'http://www.travel.taipei/d_upload_ttn/frontsite/tw/hotel/B0148/B0148_3.jpg', 212),
(444, 'http://www.travel.taipei/d_upload_ttn/frontsite/tw/hotel/B0148/B0148_2.jpg', 212),
(445, 'http://www.travel.taipei/d_upload_ttn/frontsite/tw/hotel/B0148/B0148_1.jpg', 212),
(446, 'http://www.travel.taipei/d_upload_ttn/frontsite/tw/hotel/B0300/B0300_3.JPG', 216),
(447, 'http://www.travel.taipei/d_upload_ttn/frontsite/tw/hotel/B0300/B0300_2.JPG', 216),
(448, 'http://www.travel.taipei/d_upload_ttn/frontsite/tw/hotel/B0300/B0300_1.jpg', 216),
(449, 'http://www.travel.taipei/d_upload_ttn/frontsite/tw/hotel/B0143/B0143_3.JPG', 217),
(450, 'http://www.travel.taipei/d_upload_ttn/frontsite/tw/hotel/B0143/B0143_2.JPG', 217),
(451, 'http://www.travel.taipei/d_upload_ttn/frontsite/tw/hotel/B0143/B0143_1.JPG', 217),
(452, 'http://www.travel.taipei/d_upload_ttn/frontsite/tw/hotel/B0107/B0107_3.jpg', 226),
(453, 'http://www.travel.taipei/d_upload_ttn/frontsite/tw/hotel/B0107/B0107_2.jpg', 226),
(454, 'http://www.travel.taipei/d_upload_ttn/frontsite/tw/hotel/B0107/B0107_1.jpg', 226),
(455, 'http://www.travel.taipei/d_upload_ttn/frontsite/tw/hotel/B0084/B0084_15b3e86a-399f-4ee9-8f55-52644bf9c4cd.JPG', 228),
(456, 'http://www.travel.taipei/d_upload_ttn/frontsite/tw/hotel/B0084/B0084_356b5c0a-b98b-4924-ab22-760755533e01.JPG', 228),
(457, 'http://www.travel.taipei/d_upload_ttn/frontsite/tw/hotel/B0084/B0084_6d844314-a8dc-45c0-92c3-d1ec3126bac7.JPG', 228),
(458, 'http://www.travel.taipei/d_upload_ttn/frontsite/tw/hotel/B0274/B0274_3.jpg', 230),
(459, 'http://www.travel.taipei/d_upload_ttn/frontsite/tw/hotel/B0274/B0274_2.jpg', 230),
(460, 'http://www.travel.taipei/d_upload_ttn/frontsite/tw/hotel/B0274/B0274_1.jpg', 230),
(461, 'http://www.travel.taipei/d_upload_ttn/frontsite/tw/hotel/B0085/B0085_3.jpg', 231),
(462, 'http://www.travel.taipei/d_upload_ttn/frontsite/tw/hotel/B0085/B0085_2.jpg', 231),
(463, 'http://www.travel.taipei/d_upload_ttn/frontsite/tw/hotel/B0085/B0085_1.jpg', 231),
(464, 'http://www.travel.taipei/d_upload_ttn/frontsite/tw/hotel/B0218/B0218_3.jpg', 250),
(465, 'http://www.travel.taipei/d_upload_ttn/frontsite/tw/hotel/B0218/B0218_2.jpg', 250),
(466, 'http://www.travel.taipei/d_upload_ttn/frontsite/tw/hotel/B0218/B0218_1.jpg', 250),
(467, 'http://www.travel.taipei/d_upload_ttn/frontsite/tw/hotel/B0285/B0285_3.jpg', 251),
(468, 'http://www.travel.taipei/d_upload_ttn/frontsite/tw/hotel/B0285/B0285_2.jpg', 251),
(469, 'http://www.travel.taipei/d_upload_ttn/frontsite/tw/hotel/B0285/B0285_1.jpg', 251),
(470, 'http://www.travel.taipei/d_upload_ttn/frontsite/tw/hotel/B0174/B0174_74f7c82f-f2ef-4df9-be75-28a240a0c20d.jpg', 252),
(471, 'http://www.travel.taipei/d_upload_ttn/frontsite/tw/hotel/B0174/B0174_8d1efdc6-3d40-4c66-abad-2b9f74948080.jpg', 252),
(472, 'http://www.travel.taipei/d_upload_ttn/frontsite/tw/hotel/B0174/B0174_e78e9925-273c-4c48-aeed-2a2a7f6b4ef3.jpg', 252),
(473, 'http://www.travel.taipei/d_upload_ttn/frontsite/tw/hotel/B0253/B0253_3.jpg', 253),
(474, 'http://www.travel.taipei/d_upload_ttn/frontsite/tw/hotel/B0253/B0253_2.jpg', 253),
(475, 'http://www.travel.taipei/d_upload_ttn/frontsite/tw/hotel/B0253/B0253_1.jpg', 253),
(476, 'http://www.travel.taipei/d_upload_ttn/frontsite/tw/hotel/B0100/B0100_3.jpg', 255),
(477, 'http://www.travel.taipei/d_upload_ttn/frontsite/tw/hotel/B0100/B0100_2.jpg', 255),
(478, 'http://www.travel.taipei/d_upload_ttn/frontsite/tw/hotel/B0100/B0100_1.jpg', 255),
(479, 'http://www.travel.taipei/d_upload_ttn/frontsite/tw/hotel/B0495/B0495_46c4ef75-cb0c-4904-9744-d3f36cdae06f.JPG', 256),
(480, 'http://www.travel.taipei/d_upload_ttn/frontsite/tw/hotel/B0495/B0495_69b0bbc1-866f-40a5-99b4-1293e02e3ccb.JPG', 256),
(481, 'http://www.travel.taipei/d_upload_ttn/frontsite/tw/hotel/B0495/B0495_7223bae0-90fa-4b1a-850d-f70764821a1c.JPG', 256),
(482, 'http://www.travel.taipei/d_upload_ttn/frontsite/tw/hotel/B0491/B0491_dd66b485-2504-4f6d-8952-7c547927b5c2.JPG', 257),
(483, 'http://www.travel.taipei/d_upload_ttn/frontsite/tw/hotel/B0491/B0491_74c1ae03-de8d-4849-aada-f2c43179a3df.JPG', 257),
(484, 'http://www.travel.taipei/d_upload_ttn/frontsite/tw/hotel/B0491/B0491_0982f432-0f78-4205-851f-352589e72b1d.JPG', 257),
(485, 'http://www.travel.taipei/d_upload_ttn/frontsite/tw/hotel/B0067/B0067_3.jpg', 260),
(486, 'http://www.travel.taipei/d_upload_ttn/frontsite/tw/hotel/B0067/B0067_2.jpg', 260),
(487, 'http://www.travel.taipei/d_upload_ttn/frontsite/tw/hotel/B0067/B0067_1.jpg', 260),
(488, 'http://www.travel.taipei/d_upload_ttn/frontsite/tw/hotel/B0235/B0235_3.jpg', 261),
(489, 'http://www.travel.taipei/d_upload_ttn/frontsite/tw/hotel/B0235/B0235_2.jpg', 261),
(490, 'http://www.travel.taipei/d_upload_ttn/frontsite/tw/hotel/B0235/B0235_1.jpg', 261),
(491, 'http://www.travel.taipei/d_upload_ttn/frontsite/tw/hotel/B0177/B0177_3.jpg', 269),
(492, 'http://www.travel.taipei/d_upload_ttn/frontsite/tw/hotel/B0177/B0177_2.jpg', 269),
(493, 'http://www.travel.taipei/d_upload_ttn/frontsite/tw/hotel/B0177/B0177_1.jpg', 269),
(494, 'http://www.travel.taipei/d_upload_ttn/frontsite/tw/hotel/B0453/B0453_5abe7f74-5410-435c-bd04-4971ac657e5f.jpg', 270),
(495, 'http://www.travel.taipei/d_upload_ttn/frontsite/tw/hotel/B0453/B0453_f79a4f08-4f47-4129-9750-9bec22fcdd9f.jpg', 270),
(496, 'http://www.travel.taipei/d_upload_ttn/frontsite/tw/hotel/B0453/B0453_a9cbff95-d99c-4e1d-aa64-3da1c02a656e.jpg', 270),
(497, 'http://www.travel.taipei/d_upload_ttn/frontsite/tw/hotel/B0020/B0020_3.jpg', 274),
(498, 'http://www.travel.taipei/d_upload_ttn/frontsite/tw/hotel/B0020/B0020_2.jpg', 274),
(499, 'http://www.travel.taipei/d_upload_ttn/frontsite/tw/hotel/B0020/B0020_1.jpg', 274),
(500, 'http://www.travel.taipei/d_upload_ttn/frontsite/tw/hotel/B0211/B0211_3.jpg', 275),
(501, 'http://www.travel.taipei/d_upload_ttn/frontsite/tw/hotel/B0211/B0211_2.jpg', 275),
(502, 'http://www.travel.taipei/d_upload_ttn/frontsite/tw/hotel/B0211/B0211_1.jpg', 275),
(503, 'http://www.travel.taipei/d_upload_ttn/frontsite/tw/hotel/B0146/B0146_3.jpg', 277),
(504, 'http://www.travel.taipei/d_upload_ttn/frontsite/tw/hotel/B0146/B0146_2.jpg', 277),
(505, 'http://www.travel.taipei/d_upload_ttn/frontsite/tw/hotel/B0146/B0146_1.jpg', 277),
(506, 'http://www.travel.taipei/d_upload_ttn/frontsite/tw/hotel/B0278/B0278_3.JPG', 278),
(507, 'http://www.travel.taipei/d_upload_ttn/frontsite/tw/hotel/B0278/B0278_2.jpg', 278),
(508, 'http://www.travel.taipei/d_upload_ttn/frontsite/tw/hotel/B0278/B0278_1.jpg', 278),
(509, 'http://www.travel.taipei/d_upload_ttn/frontsite/tw/hotel/B0295/B0295_3.jpg', 279),
(510, 'http://www.travel.taipei/d_upload_ttn/frontsite/tw/hotel/B0295/B0295_2.jpg', 279),
(511, 'http://www.travel.taipei/d_upload_ttn/frontsite/tw/hotel/B0295/B0295_1.jpg', 279),
(512, 'http://www.travel.taipei/d_upload_ttn/frontsite/tw/hotel/B0421/B0421_3.jpg', 280),
(513, 'http://www.travel.taipei/d_upload_ttn/frontsite/tw/hotel/B0421/B0421_2.jpg', 280),
(514, 'http://www.travel.taipei/d_upload_ttn/frontsite/tw/hotel/B0421/B0421_1.jpg', 280);
INSERT INTO `hotel_pic` (`p_id`, `url`, `h_id`) VALUES
(515, 'http://www.travel.taipei/d_upload_ttn/frontsite/tw/hotel/B0388/B0388_3.jpg', 282),
(516, 'http://www.travel.taipei/d_upload_ttn/frontsite/tw/hotel/B0388/B0388_2.jpg', 282),
(517, 'http://www.travel.taipei/d_upload_ttn/frontsite/tw/hotel/B0388/B0388_1.jpg', 282),
(518, 'http://www.travel.taipei/d_upload_ttn/frontsite/tw/hotel/B0156/B0156_3.JPG', 283),
(519, 'http://www.travel.taipei/d_upload_ttn/frontsite/tw/hotel/B0156/B0156_2.jpg', 283),
(520, 'http://www.travel.taipei/d_upload_ttn/frontsite/tw/hotel/B0156/B0156_1.jpg', 283),
(521, 'http://www.travel.taipei/d_upload_ttn/frontsite/tw/hotel/B0345/B0345_3.jpg', 284),
(522, 'http://www.travel.taipei/d_upload_ttn/frontsite/tw/hotel/B0345/B0345_2.jpg', 284),
(523, 'http://www.travel.taipei/d_upload_ttn/frontsite/tw/hotel/B0345/B0345_1.jpg', 284),
(524, 'http://www.travel.taipei/d_upload_ttn/frontsite/tw/hotel/B0140/B0140_3.jpg', 285),
(525, 'http://www.travel.taipei/d_upload_ttn/frontsite/tw/hotel/B0140/B0140_2.jpg', 285),
(526, 'http://www.travel.taipei/d_upload_ttn/frontsite/tw/hotel/B0140/B0140_1.jpg', 285),
(527, 'http://www.travel.taipei/d_upload_ttn/frontsite/tw/hotel/B0318/B0318_3.JPG', 291),
(528, 'http://www.travel.taipei/d_upload_ttn/frontsite/tw/hotel/B0318/B0318_2.JPG', 291),
(529, 'http://www.travel.taipei/d_upload_ttn/frontsite/tw/hotel/B0318/B0318_1.jpg', 291),
(530, 'http://www.travel.taipei/d_upload_ttn/frontsite/tw/hotel/B0207/B0207_3.jpg', 286),
(531, 'http://www.travel.taipei/d_upload_ttn/frontsite/tw/hotel/B0207/B0207_2.jpg', 286),
(532, 'http://www.travel.taipei/d_upload_ttn/frontsite/tw/hotel/B0207/B0207_1.jpg', 286),
(533, 'http://www.travel.taipei/d_upload_ttn/frontsite/tw/hotel/B0162/B0162_3.jpg', 287),
(534, 'http://www.travel.taipei/d_upload_ttn/frontsite/tw/hotel/B0162/B0162_2.jpg', 287),
(535, 'http://www.travel.taipei/d_upload_ttn/frontsite/tw/hotel/B0162/B0162_1.jpg', 287),
(536, 'http://www.travel.taipei/d_upload_ttn/frontsite/tw/hotel/B0141/B0141_3.jpg', 288),
(537, 'http://www.travel.taipei/d_upload_ttn/frontsite/tw/hotel/B0141/B0141_2.jpg', 288),
(538, 'http://www.travel.taipei/d_upload_ttn/frontsite/tw/hotel/B0141/B0141_1.jpg', 288),
(539, 'http://www.travel.taipei/d_upload_ttn/frontsite/tw/hotel/B0012/B0012_3.jpg', 289),
(540, 'http://www.travel.taipei/d_upload_ttn/frontsite/tw/hotel/B0012/B0012_2.jpg', 289),
(541, 'http://www.travel.taipei/d_upload_ttn/frontsite/tw/hotel/B0012/B0012_1.jpg', 289),
(542, 'http://www.travel.taipei/d_upload_ttn/frontsite/tw/hotel/B0254/B0254_3.jpg', 290),
(543, 'http://www.travel.taipei/d_upload_ttn/frontsite/tw/hotel/B0254/B0254_2.jpg', 290),
(544, 'http://www.travel.taipei/d_upload_ttn/frontsite/tw/hotel/B0254/B0254_1.jpg', 290),
(545, 'http://www.travel.taipei/d_upload_ttn/frontsite/tw/hotel/B0311/B0311_3.jpg', 324),
(546, 'http://www.travel.taipei/d_upload_ttn/frontsite/tw/hotel/B0311/B0311_2.jpg', 324),
(547, 'http://www.travel.taipei/d_upload_ttn/frontsite/tw/hotel/B0311/B0311_1.jpg', 324),
(548, 'http://www.travel.taipei/d_upload_ttn/frontsite/tw/hotel/B0405/B0405_4.jpg', 292),
(549, 'http://www.travel.taipei/d_upload_ttn/frontsite/tw/hotel/B0405/B0405_3.jpg', 292),
(550, 'http://www.travel.taipei/d_upload_ttn/frontsite/tw/hotel/B0405/B0405_1.JPG', 292),
(551, 'http://www.travel.taipei/d_upload_ttn/frontsite/tw/hotel/B0114/B0114_3.jpg', 293),
(552, 'http://www.travel.taipei/d_upload_ttn/frontsite/tw/hotel/B0114/B0114_2.jpg', 293),
(553, 'http://www.travel.taipei/d_upload_ttn/frontsite/tw/hotel/B0114/B0114_1.jpg', 293),
(554, 'http://www.travel.taipei/d_upload_ttn/frontsite/tw/hotel/B0335/B0335_3.jpg', 294),
(555, 'http://www.travel.taipei/d_upload_ttn/frontsite/tw/hotel/B0335/B0335_2.jpg', 294),
(556, 'http://www.travel.taipei/d_upload_ttn/frontsite/tw/hotel/B0335/B0335_1.jpg', 294),
(557, 'http://www.travel.taipei/d_upload_ttn/frontsite/tw/hotel/B0280/B0280_3.jpg', 295),
(558, 'http://www.travel.taipei/d_upload_ttn/frontsite/tw/hotel/B0280/B0280_2.jpg', 295),
(559, 'http://www.travel.taipei/d_upload_ttn/frontsite/tw/hotel/B0280/B0280_1.jpg', 295),
(560, 'http://www.travel.taipei/d_upload_ttn/frontsite/tw/hotel/B0132/B0132_3.jpg', 296),
(561, 'http://www.travel.taipei/d_upload_ttn/frontsite/tw/hotel/B0132/B0132_2.jpg', 296),
(562, 'http://www.travel.taipei/d_upload_ttn/frontsite/tw/hotel/B0132/B0132_1.jpg', 296),
(563, 'http://www.travel.taipei/d_upload_ttn/frontsite/tw/hotel/B0138/B0138_3.jpg', 297),
(564, 'http://www.travel.taipei/d_upload_ttn/frontsite/tw/hotel/B0138/B0138_2.jpg', 297),
(565, 'http://www.travel.taipei/d_upload_ttn/frontsite/tw/hotel/B0138/B0138_1.jpg', 297),
(566, 'http://www.travel.taipei/d_upload_ttn/frontsite/tw/hotel/B0034/B0034_3.JPG', 298),
(567, 'http://www.travel.taipei/d_upload_ttn/frontsite/tw/hotel/B0034/B0034_2.JPG', 298),
(568, 'http://www.travel.taipei/d_upload_ttn/frontsite/tw/hotel/B0034/B0034_1.JPG', 298),
(569, 'http://www.travel.taipei/d_upload_ttn/frontsite/tw/hotel/B0239/B0239_3.jpg', 299),
(570, 'http://www.travel.taipei/d_upload_ttn/frontsite/tw/hotel/B0239/B0239_2.jpg', 299),
(571, 'http://www.travel.taipei/d_upload_ttn/frontsite/tw/hotel/B0239/B0239_1.jpg', 299),
(572, 'http://www.travel.taipei/d_upload_ttn/frontsite/tw/hotel/B0264/B0264_3.jpg', 300),
(573, 'http://www.travel.taipei/d_upload_ttn/frontsite/tw/hotel/B0264/B0264_2.jpg', 300),
(574, 'http://www.travel.taipei/d_upload_ttn/frontsite/tw/hotel/B0264/B0264_1.jpg', 300),
(575, 'http://www.travel.taipei/d_upload_ttn/frontsite/tw/hotel/B0336/B0336_3.jpg', 301),
(576, 'http://www.travel.taipei/d_upload_ttn/frontsite/tw/hotel/B0336/B0336_2.jpg', 301),
(577, 'http://www.travel.taipei/d_upload_ttn/frontsite/tw/hotel/B0336/B0336_1.jpg', 301),
(578, 'http://www.travel.taipei/d_upload_ttn/frontsite/tw/hotel/B0023/B0023_4.jpg', 302),
(579, 'http://www.travel.taipei/d_upload_ttn/frontsite/tw/hotel/B0023/B0023_3.jpg', 302),
(580, 'http://www.travel.taipei/d_upload_ttn/frontsite/tw/hotel/B0023/B0023_1.jpg', 302),
(581, 'http://www.travel.taipei/d_upload_ttn/frontsite/tw/hotel/B0071/B0071_3.jpg', 303),
(582, 'http://www.travel.taipei/d_upload_ttn/frontsite/tw/hotel/B0071/B0071_2.jpg', 303),
(583, 'http://www.travel.taipei/d_upload_ttn/frontsite/tw/hotel/B0071/B0071_1.jpg', 303),
(584, 'http://www.travel.taipei/d_upload_ttn/frontsite/tw/hotel/B0205/B0205_3.jpg', 304),
(585, 'http://www.travel.taipei/d_upload_ttn/frontsite/tw/hotel/B0205/B0205_2.jpg', 304),
(586, 'http://www.travel.taipei/d_upload_ttn/frontsite/tw/hotel/B0205/B0205_1.jpg', 304),
(587, 'http://www.travel.taipei/d_upload_ttn/frontsite/tw/hotel/B0286/B0286_3.JPG', 305),
(588, 'http://www.travel.taipei/d_upload_ttn/frontsite/tw/hotel/B0286/B0286_2.JPG', 305),
(589, 'http://www.travel.taipei/d_upload_ttn/frontsite/tw/hotel/B0286/B0286_1.JPG', 305),
(590, 'http://www.travel.taipei/d_upload_ttn/frontsite/tw/hotel/B0160/B0160_3.jpg', 306),
(591, 'http://www.travel.taipei/d_upload_ttn/frontsite/tw/hotel/B0160/B0160_2.jpg', 306),
(592, 'http://www.travel.taipei/d_upload_ttn/frontsite/tw/hotel/B0160/B0160_1.jpg', 306),
(593, 'http://www.travel.taipei/d_upload_ttn/frontsite/tw/hotel/B0219/B0219_3.jpg', 307),
(594, 'http://www.travel.taipei/d_upload_ttn/frontsite/tw/hotel/B0219/B0219_2.jpg', 307),
(595, 'http://www.travel.taipei/d_upload_ttn/frontsite/tw/hotel/B0219/B0219_1.jpg', 307),
(596, 'http://www.travel.taipei/d_upload_ttn/frontsite/tw/hotel/B0057/B0057_3.jpg', 308),
(597, 'http://www.travel.taipei/d_upload_ttn/frontsite/tw/hotel/B0057/B0057_2.jpg', 308),
(598, 'http://www.travel.taipei/d_upload_ttn/frontsite/tw/hotel/B0057/B0057_1.jpg', 308),
(599, 'http://www.travel.taipei/d_upload_ttn/frontsite/tw/hotel/B0190/B0190_2.jpg', 309),
(600, 'http://www.travel.taipei/d_upload_ttn/frontsite/tw/hotel/B0190/B0190_1.jpg', 309),
(601, 'http://www.travel.taipei/d_upload_ttn/frontsite/tw/hotel/B0192/B0192_3.JPG', 310),
(602, 'http://www.travel.taipei/d_upload_ttn/frontsite/tw/hotel/B0192/B0192_2.JPG', 310),
(603, 'http://www.travel.taipei/d_upload_ttn/frontsite/tw/hotel/B0192/B0192_1.JPG', 310),
(604, 'http://www.travel.taipei/d_upload_ttn/frontsite/tw/hotel/B0165/B0165_3.jpg', 311),
(605, 'http://www.travel.taipei/d_upload_ttn/frontsite/tw/hotel/B0165/B0165_2.jpg', 311),
(606, 'http://www.travel.taipei/d_upload_ttn/frontsite/tw/hotel/B0165/B0165_1.jpg', 311),
(607, 'http://www.travel.taipei/d_upload_ttn/frontsite/tw/hotel/B0108/B0108_7bbe1bf8-225a-424f-ad38-b1b0bffa8f2f.jpg', 312),
(608, 'http://www.travel.taipei/d_upload_ttn/frontsite/tw/hotel/B0108/B0108_93a7a520-e386-4e94-be0f-afcbe7f40692.jpg', 312),
(609, 'http://www.travel.taipei/d_upload_ttn/frontsite/tw/hotel/B0108/B0108_8a904b3d-82c4-4e3f-95ed-577e93bbed3c.jpg', 312),
(610, 'http://www.travel.taipei/d_upload_ttn/frontsite/tw/hotel/B0290/B0290_3.jpg', 313),
(611, 'http://www.travel.taipei/d_upload_ttn/frontsite/tw/hotel/B0290/B0290_2.jpg', 313),
(612, 'http://www.travel.taipei/d_upload_ttn/frontsite/tw/hotel/B0290/B0290_1.jpg', 313),
(613, 'http://www.travel.taipei/d_upload_ttn/frontsite/tw/hotel/B0119/B0119_3.jpg', 314),
(614, 'http://www.travel.taipei/d_upload_ttn/frontsite/tw/hotel/B0119/B0119_2.jpg', 314),
(615, 'http://www.travel.taipei/d_upload_ttn/frontsite/tw/hotel/B0119/B0119_1.jpg', 314),
(616, 'http://www.travel.taipei/d_upload_ttn/frontsite/tw/hotel/B0063/B0063_3.JPG', 315),
(617, 'http://www.travel.taipei/d_upload_ttn/frontsite/tw/hotel/B0063/B0063_2.JPG', 315),
(618, 'http://www.travel.taipei/d_upload_ttn/frontsite/tw/hotel/B0063/B0063_1.JPG', 315),
(619, 'http://www.travel.taipei/d_upload_ttn/frontsite/tw/hotel/B0415/B0415_3.jpg', 316),
(620, 'http://www.travel.taipei/d_upload_ttn/frontsite/tw/hotel/B0415/B0415_2.jpg', 316),
(621, 'http://www.travel.taipei/d_upload_ttn/frontsite/tw/hotel/B0415/B0415_1.JPG', 316),
(622, 'http://www.travel.taipei/d_upload_ttn/frontsite/tw/hotel/B0072/B0072_3.JPG', 317),
(623, 'http://www.travel.taipei/d_upload_ttn/frontsite/tw/hotel/B0072/B0072_2.JPG', 317),
(624, 'http://www.travel.taipei/d_upload_ttn/frontsite/tw/hotel/B0072/B0072_1.JPG', 317),
(625, 'http://www.travel.taipei/d_upload_ttn/frontsite/tw/hotel/B0173/B0173_3.JPG', 318),
(626, 'http://www.travel.taipei/d_upload_ttn/frontsite/tw/hotel/B0173/B0173_2.JPG', 318),
(627, 'http://www.travel.taipei/d_upload_ttn/frontsite/tw/hotel/B0173/B0173_1.JPG', 318),
(628, 'http://www.travel.taipei/d_upload_ttn/frontsite/tw/hotel/B0307/B0307_3.JPG', 319),
(629, 'http://www.travel.taipei/d_upload_ttn/frontsite/tw/hotel/B0307/B0307_2.JPG', 319),
(630, 'http://www.travel.taipei/d_upload_ttn/frontsite/tw/hotel/B0307/B0307_1.JPG', 319),
(631, 'http://www.travel.taipei/d_upload_ttn/frontsite/tw/hotel/B0355/B0355_3.jpg', 320),
(632, 'http://www.travel.taipei/d_upload_ttn/frontsite/tw/hotel/B0355/B0355_2.jpg', 320),
(633, 'http://www.travel.taipei/d_upload_ttn/frontsite/tw/hotel/B0355/B0355_1.jpg', 320),
(634, 'http://www.travel.taipei/d_upload_ttn/frontsite/tw/hotel/B0303/B0303_3.jpg', 321),
(635, 'http://www.travel.taipei/d_upload_ttn/frontsite/tw/hotel/B0303/B0303_2.jpg', 321),
(636, 'http://www.travel.taipei/d_upload_ttn/frontsite/tw/hotel/B0303/B0303_1.jpg', 321),
(637, 'http://www.travel.taipei/d_upload_ttn/frontsite/tw/hotel/B0095/B0095_2.jpg', 322),
(638, 'http://www.travel.taipei/d_upload_ttn/frontsite/tw/hotel/B0095/B0095_1.jpg', 322),
(639, 'http://www.travel.taipei/d_upload_ttn/frontsite/tw/hotel/B0229/B0229_3.jpg', 323),
(640, 'http://www.travel.taipei/d_upload_ttn/frontsite/tw/hotel/B0229/B0229_2.jpg', 323),
(641, 'http://www.travel.taipei/d_upload_ttn/frontsite/tw/hotel/B0229/B0229_1.jpg', 323),
(642, 'http://www.travel.taipei/d_upload_ttn/frontsite/tw/hotel/B0302/B0302_3.JPG', 325),
(643, 'http://www.travel.taipei/d_upload_ttn/frontsite/tw/hotel/B0302/B0302_2.JPG', 325),
(644, 'http://www.travel.taipei/d_upload_ttn/frontsite/tw/hotel/B0302/B0302_1.JPG', 325),
(645, 'http://www.travel.taipei/d_upload_ttn/frontsite/tw/hotel/B0277/B0277_3.jpg', 326),
(646, 'http://www.travel.taipei/d_upload_ttn/frontsite/tw/hotel/B0277/B0277_2.jpg', 326),
(647, 'http://www.travel.taipei/d_upload_ttn/frontsite/tw/hotel/B0277/B0277_1.jpg', 326),
(648, 'http://www.travel.taipei/d_upload_ttn/frontsite/tw/hotel/B0123/B0123_3.jpg', 327),
(649, 'http://www.travel.taipei/d_upload_ttn/frontsite/tw/hotel/B0123/B0123_2.JPG', 327),
(650, 'http://www.travel.taipei/d_upload_ttn/frontsite/tw/hotel/B0123/B0123_1.jpg', 327),
(651, 'http://www.travel.taipei/d_upload_ttn/frontsite/tw/hotel/B0053/B0053_3.jpg', 328),
(652, 'http://www.travel.taipei/d_upload_ttn/frontsite/tw/hotel/B0053/B0053_2.jpg', 328),
(653, 'http://www.travel.taipei/d_upload_ttn/frontsite/tw/hotel/B0053/B0053_1.jpg', 328),
(654, 'http://www.travel.taipei/d_upload_ttn/frontsite/tw/hotel/B0098/B0098_70e517f7-0c97-4e1d-92ae-d44f4ba0c943.JPG', 329),
(655, 'http://www.travel.taipei/d_upload_ttn/frontsite/tw/hotel/B0098/B0098_303984dc-da4d-4b00-a252-f992ecaf9567.JPG', 329),
(656, 'http://www.travel.taipei/d_upload_ttn/frontsite/tw/hotel/B0098/B0098_59f51a51-ea4d-4c97-9881-47be68abedb0.JPG', 329),
(657, 'http://www.travel.taipei/d_upload_ttn/frontsite/tw/hotel/B0455/B0455_adb9e677-e817-43d9-b3b4-2247770a3fa7.jpg', 331),
(658, 'http://www.travel.taipei/d_upload_ttn/frontsite/tw/hotel/B0455/B0455_8adcbe33-3257-41e1-a888-17ff18935860.jpg', 331),
(659, 'http://www.travel.taipei/d_upload_ttn/frontsite/tw/hotel/B0455/B0455_6fc1f513-8729-4141-9928-01bab461a167.jpg', 331),
(660, 'http://www.travel.taipei/d_upload_ttn/frontsite/tw/hotel/B5126/B5126_4a9b4e48-a929-4807-adbd-00bbc7e145b3.jpg', 347),
(661, 'http://www.travel.taipei/d_upload_ttn/frontsite/tw/hotel/B5126/B5126_fc4f3bb9-750f-411b-b56b-984910f8b8ef.jpg', 347),
(662, 'http://www.travel.taipei/d_upload_ttn/frontsite/tw/hotel/B5126/B5126_bc44f88f-98e3-413f-8924-924712afb50b.jpg', 347),
(663, 'http://www.travel.taipei/d_upload_ttn/frontsite/tw/hotel/B5126/B5126_b572dc6e-d439-416c-b57b-fc4ac69cd2ea.jpg', 347),
(664, 'http://www.travel.taipei/d_upload_ttn/frontsite/tw/hotel/B5126/B5126_8222abe3-49f2-4063-ae82-8fd532a1245b.jpg', 347),
(665, 'http://www.travel.taipei/d_upload_ttn/frontsite/tw/hotel/B5126/B5126_c4e59820-a377-45e5-b129-d4a1536050df.jpg', 347),
(666, 'http://www.travel.taipei/d_upload_ttn/frontsite/tw/hotel/B5126/B5126_84369550-35e0-4c32-9bde-57f14e79d8da.jpg', 347),
(667, 'http://www.travel.taipei/d_upload_ttn/frontsite/tw/hotel/B5126/B5126_0e752369-2aea-40d5-ad0c-97824e4177dd.jpg', 347),
(668, 'http://www.travel.taipei/d_upload_ttn/frontsite/tw/hotel/B0236/B0236_3.jpg', 348),
(669, 'http://www.travel.taipei/d_upload_ttn/frontsite/tw/hotel/B0236/B0236_2.jpg', 348),
(670, 'http://www.travel.taipei/d_upload_ttn/frontsite/tw/hotel/B0236/B0236_1.jpg', 348),
(671, 'http://www.travel.taipei/d_upload_ttn/frontsite/tw/hotel/B0031/B0031_3.jpg', 349),
(672, 'http://www.travel.taipei/d_upload_ttn/frontsite/tw/hotel/B0031/B0031_2.jpg', 349),
(673, 'http://www.travel.taipei/d_upload_ttn/frontsite/tw/hotel/B0031/B0031_1.jpg', 349),
(674, 'http://www.travel.taipei/d_upload_ttn/frontsite/tw/hotel/B0403/B0403_1.jpg', 350),
(675, 'http://www.travel.taipei/d_upload_ttn/frontsite/tw/hotel/B0447/B0447_d0ccc1c2-8eec-4376-9aa3-316f1dc32c37.JPG', 351),
(676, 'http://www.travel.taipei/d_upload_ttn/frontsite/tw/hotel/B0447/B0447_5f538c8f-5b8a-4b70-83e6-9583369f25d7.JPG', 351),
(677, 'http://www.travel.taipei/d_upload_ttn/frontsite/tw/hotel/B0447/B0447_ff583f87-063a-404c-8dd9-d78c8b39cb17.JPG', 351),
(678, 'http://www.travel.taipei/d_upload_ttn/frontsite/tw/hotel/B0438/B0438_ba180044-bcc4-4d4b-8886-2ee5f62e8964.JPG', 352),
(679, 'http://www.travel.taipei/d_upload_ttn/frontsite/tw/hotel/B0438/B0438_2c5751bb-e277-4ba5-a273-a3643c84edab.JPG', 352),
(680, 'http://www.travel.taipei/d_upload_ttn/frontsite/tw/hotel/B0438/B0438_19121688-30ef-4f60-80e1-302eca8538e5.JPG', 352),
(681, 'http://www.travel.taipei/d_upload_ttn/frontsite/tw/hotel/B0342/B0342_3.jpg', 359),
(682, 'http://www.travel.taipei/d_upload_ttn/frontsite/tw/hotel/B0342/B0342_2.JPG', 359),
(683, 'http://www.travel.taipei/d_upload_ttn/frontsite/tw/hotel/B0342/B0342_1.jpg', 359),
(684, 'http://www.travel.taipei/d_upload_ttn/frontsite/tw/hotel/B0088/B0088_3.JPG', 353),
(685, 'http://www.travel.taipei/d_upload_ttn/frontsite/tw/hotel/B0088/B0088_2.JPG', 353),
(686, 'http://www.travel.taipei/d_upload_ttn/frontsite/tw/hotel/B0088/B0088_1.jpg', 353),
(687, 'http://www.travel.taipei/d_upload_ttn/frontsite/tw/hotel/B0052/B0052_3.JPG', 354),
(688, 'http://www.travel.taipei/d_upload_ttn/frontsite/tw/hotel/B0052/B0052_2.JPG', 354),
(689, 'http://www.travel.taipei/d_upload_ttn/frontsite/tw/hotel/B0052/B0052_1.JPG', 354),
(690, 'http://www.travel.taipei/d_upload_ttn/frontsite/tw/hotel/B0391/B0391_3.JPG', 355),
(691, 'http://www.travel.taipei/d_upload_ttn/frontsite/tw/hotel/B0391/B0391_2.JPG', 355),
(692, 'http://www.travel.taipei/d_upload_ttn/frontsite/tw/hotel/B0391/B0391_1.JPG', 355),
(693, 'http://www.travel.taipei/d_upload_ttn/frontsite/tw/hotel/B0417/B0417_3.jpg', 356),
(694, 'http://www.travel.taipei/d_upload_ttn/frontsite/tw/hotel/B0417/B0417_2.jpg', 356),
(695, 'http://www.travel.taipei/d_upload_ttn/frontsite/tw/hotel/B0417/B0417_1.jpg', 356),
(696, 'http://www.travel.taipei/d_upload_ttn/frontsite/tw/hotel/B0352/B0352_3.jpg', 357),
(697, 'http://www.travel.taipei/d_upload_ttn/frontsite/tw/hotel/B0352/B0352_2.jpg', 357),
(698, 'http://www.travel.taipei/d_upload_ttn/frontsite/tw/hotel/B0352/B0352_1.jpg', 357),
(699, 'http://www.travel.taipei/d_upload_ttn/frontsite/tw/hotel/B0323/B0323_3.jpg', 358),
(700, 'http://www.travel.taipei/d_upload_ttn/frontsite/tw/hotel/B0323/B0323_2.jpg', 358),
(701, 'http://www.travel.taipei/d_upload_ttn/frontsite/tw/hotel/B0323/B0323_1.JPG', 358),
(702, 'http://www.travel.taipei/d_upload_ttn/frontsite/tw/hotel/B0047/B0047_3.jpg', 360),
(703, 'http://www.travel.taipei/d_upload_ttn/frontsite/tw/hotel/B0047/B0047_2.jpg', 360),
(704, 'http://www.travel.taipei/d_upload_ttn/frontsite/tw/hotel/B0047/B0047_1.jpg', 360),
(705, 'http://www.travel.taipei/d_upload_ttn/frontsite/tw/hotel/B0233/B0233_3.jpg', 361),
(706, 'http://www.travel.taipei/d_upload_ttn/frontsite/tw/hotel/B0233/B0233_2.jpg', 361),
(707, 'http://www.travel.taipei/d_upload_ttn/frontsite/tw/hotel/B0233/B0233_1.jpg', 361),
(708, 'http://www.travel.taipei/d_upload_ttn/frontsite/tw/hotel/B0241/B0241_3.JPG', 362),
(709, 'http://www.travel.taipei/d_upload_ttn/frontsite/tw/hotel/B0241/B0241_2.JPG', 362),
(710, 'http://www.travel.taipei/d_upload_ttn/frontsite/tw/hotel/B0241/B0241_1.jpg', 362),
(711, 'http://www.travel.taipei/d_upload_ttn/frontsite/tw/hotel/B0058/B0058_3.jpg', 363),
(712, 'http://www.travel.taipei/d_upload_ttn/frontsite/tw/hotel/B0058/B0058_2.jpg', 363),
(713, 'http://www.travel.taipei/d_upload_ttn/frontsite/tw/hotel/B0058/B0058_1.jpg', 363),
(714, 'http://www.travel.taipei/d_upload_ttn/frontsite/tw/hotel/B0341/B0341_3.jpg', 364),
(715, 'http://www.travel.taipei/d_upload_ttn/frontsite/tw/hotel/B0341/B0341_2.jpg', 364),
(716, 'http://www.travel.taipei/d_upload_ttn/frontsite/tw/hotel/B0341/B0341_1.jpg', 364),
(717, 'http://www.travel.taipei/d_upload_ttn/frontsite/tw/hotel/B0333/B0333_3.JPG', 365),
(718, 'http://www.travel.taipei/d_upload_ttn/frontsite/tw/hotel/B0333/B0333_2.JPG', 365),
(719, 'http://www.travel.taipei/d_upload_ttn/frontsite/tw/hotel/B0333/B0333_1.jpg', 365),
(720, 'http://www.travel.taipei/d_upload_ttn/frontsite/tw/hotel/B0354/B0354_3.jpg', 366),
(721, 'http://www.travel.taipei/d_upload_ttn/frontsite/tw/hotel/B0354/B0354_2.jpg', 366),
(722, 'http://www.travel.taipei/d_upload_ttn/frontsite/tw/hotel/B0354/B0354_1.jpg', 366),
(723, 'http://www.travel.taipei/d_upload_ttn/frontsite/tw/hotel/B0062/B0062_3.jpg', 367),
(724, 'http://www.travel.taipei/d_upload_ttn/frontsite/tw/hotel/B0062/B0062_2.jpg', 367),
(725, 'http://www.travel.taipei/d_upload_ttn/frontsite/tw/hotel/B0062/B0062_1.jpg', 367),
(726, 'http://www.travel.taipei/d_upload_ttn/frontsite/tw/hotel/B0273/B0273_3.JPG', 368),
(727, 'http://www.travel.taipei/d_upload_ttn/frontsite/tw/hotel/B0273/B0273_2.JPG', 368),
(728, 'http://www.travel.taipei/d_upload_ttn/frontsite/tw/hotel/B0273/B0273_1.JPG', 368),
(729, 'http://www.travel.taipei/d_upload_ttn/frontsite/tw/hotel/B0068/B0068_4.JPG', 369),
(730, 'http://www.travel.taipei/d_upload_ttn/frontsite/tw/hotel/B0068/B0068_3.JPG', 369),
(731, 'http://www.travel.taipei/d_upload_ttn/frontsite/tw/hotel/B0068/B0068_2.JPG', 369),
(732, 'http://www.travel.taipei/d_upload_ttn/frontsite/tw/hotel/B0068/B0068_1.JPG', 369),
(733, 'http://www.travel.taipei/d_upload_ttn/frontsite/tw/hotel/B0231/B0231_3.JPG', 370),
(734, 'http://www.travel.taipei/d_upload_ttn/frontsite/tw/hotel/B0231/B0231_2.JPG', 370),
(735, 'http://www.travel.taipei/d_upload_ttn/frontsite/tw/hotel/B0231/B0231_1.JPG', 370),
(736, 'http://www.travel.taipei/d_upload_ttn/frontsite/tw/hotel/B0008/B0008_3.JPG', 371),
(737, 'http://www.travel.taipei/d_upload_ttn/frontsite/tw/hotel/B0008/B0008_2.JPG', 371),
(738, 'http://www.travel.taipei/d_upload_ttn/frontsite/tw/hotel/B0008/B0008_1.jpg', 371),
(739, 'http://www.travel.taipei/d_upload_ttn/frontsite/tw/hotel/B0202/B0202_3.jpg', 372),
(740, 'http://www.travel.taipei/d_upload_ttn/frontsite/tw/hotel/B0202/B0202_2.jpg', 372),
(741, 'http://www.travel.taipei/d_upload_ttn/frontsite/tw/hotel/B0202/B0202_1.jpg', 372),
(742, 'http://www.travel.taipei/d_upload_ttn/frontsite/tw/hotel/B0222/B0222_1.jpg', 373),
(743, 'http://www.travel.taipei/d_upload_ttn/frontsite/tw/hotel/B0155/B0155_3.jpg', 374),
(744, 'http://www.travel.taipei/d_upload_ttn/frontsite/tw/hotel/B0155/B0155_2.jpg', 374),
(745, 'http://www.travel.taipei/d_upload_ttn/frontsite/tw/hotel/B0155/B0155_1.jpg', 374),
(746, 'http://www.travel.taipei/d_upload_ttn/frontsite/tw/hotel/B0126/B0126_d89acf9d-8d37-446f-9112-05367da446a5.jpg', 375),
(747, 'http://www.travel.taipei/d_upload_ttn/frontsite/tw/hotel/B0126/B0126_41083a43-9fdf-4715-b405-cdb361466d9b.jpg', 375),
(748, 'http://www.travel.taipei/d_upload_ttn/frontsite/tw/hotel/B0305/B0305_3.JPG', 376),
(749, 'http://www.travel.taipei/d_upload_ttn/frontsite/tw/hotel/B0305/B0305_2.JPG', 376),
(750, 'http://www.travel.taipei/d_upload_ttn/frontsite/tw/hotel/B0305/B0305_1.JPG', 376),
(751, 'http://www.travel.taipei/d_upload_ttn/frontsite/tw/hotel/B0161/B0161_3.jpg', 377),
(752, 'http://www.travel.taipei/d_upload_ttn/frontsite/tw/hotel/B0161/B0161_2.jpg', 377),
(753, 'http://www.travel.taipei/d_upload_ttn/frontsite/tw/hotel/B0161/B0161_1.jpg', 377),
(754, 'http://www.travel.taipei/d_upload_ttn/frontsite/tw/hotel/B0142/B0142_3.jpg', 378),
(755, 'http://www.travel.taipei/d_upload_ttn/frontsite/tw/hotel/B0142/B0142_2.jpg', 378),
(756, 'http://www.travel.taipei/d_upload_ttn/frontsite/tw/hotel/B0142/B0142_1.jpg', 378),
(757, 'http://www.travel.taipei/d_upload_ttn/frontsite/tw/hotel/B0176/B0176_3.jpg', 379),
(758, 'http://www.travel.taipei/d_upload_ttn/frontsite/tw/hotel/B0176/B0176_2.jpg', 379),
(759, 'http://www.travel.taipei/d_upload_ttn/frontsite/tw/hotel/B0176/B0176_1.jpg', 379),
(760, 'http://www.travel.taipei/d_upload_ttn/frontsite/tw/hotel/B0182/B0182_3.JPG', 380),
(761, 'http://www.travel.taipei/d_upload_ttn/frontsite/tw/hotel/B0182/B0182_2.JPG', 380),
(762, 'http://www.travel.taipei/d_upload_ttn/frontsite/tw/hotel/B0182/B0182_1.JPG', 380),
(763, 'http://www.travel.taipei/d_upload_ttn/frontsite/tw/hotel/B0079/B0079_2.JPG', 381),
(764, 'http://www.travel.taipei/d_upload_ttn/frontsite/tw/hotel/B0079/B0079_1.JPG', 381),
(765, 'http://www.travel.taipei/d_upload_ttn/frontsite/tw/hotel/B0117/B0117_3.jpg', 382),
(766, 'http://www.travel.taipei/d_upload_ttn/frontsite/tw/hotel/B0117/B0117_2.jpg', 382),
(767, 'http://www.travel.taipei/d_upload_ttn/frontsite/tw/hotel/B0117/B0117_1.jpg', 382),
(768, 'http://www.travel.taipei/d_upload_ttn/frontsite/tw/hotel/B0228/B0228_3.jpg', 383),
(769, 'http://www.travel.taipei/d_upload_ttn/frontsite/tw/hotel/B0228/B0228_2.jpg', 383),
(770, 'http://www.travel.taipei/d_upload_ttn/frontsite/tw/hotel/B0228/B0228_1.jpg', 383),
(771, 'http://www.travel.taipei/d_upload_ttn/frontsite/tw/hotel/B0410/B0410_3.JPG', 384),
(772, 'http://www.travel.taipei/d_upload_ttn/frontsite/tw/hotel/B0410/B0410_2.JPG', 384),
(773, 'http://www.travel.taipei/d_upload_ttn/frontsite/tw/hotel/B0410/B0410_1.jpg', 384),
(774, 'http://www.travel.taipei/d_upload_ttn/frontsite/tw/hotel/B0268/B0268_3.JPG', 385),
(775, 'http://www.travel.taipei/d_upload_ttn/frontsite/tw/hotel/B0268/B0268_2.jpg', 385),
(776, 'http://www.travel.taipei/d_upload_ttn/frontsite/tw/hotel/B0268/B0268_1.jpg', 385),
(777, 'http://www.travel.taipei/d_upload_ttn/frontsite/tw/hotel/B0120/B0120_3.JPG', 386),
(778, 'http://www.travel.taipei/d_upload_ttn/frontsite/tw/hotel/B0120/B0120_2.JPG', 386),
(779, 'http://www.travel.taipei/d_upload_ttn/frontsite/tw/hotel/B0120/B0120_1.jpg', 386),
(780, 'http://www.travel.taipei/d_upload_ttn/frontsite/tw/hotel/B0244/B0244_3.jpg', 387),
(781, 'http://www.travel.taipei/d_upload_ttn/frontsite/tw/hotel/B0244/B0244_2.JPG', 387),
(782, 'http://www.travel.taipei/d_upload_ttn/frontsite/tw/hotel/B0244/B0244_1.jpg', 387),
(783, 'http://www.travel.taipei/d_upload_ttn/frontsite/tw/hotel/B0283/B0283_3.jpg', 388),
(784, 'http://www.travel.taipei/d_upload_ttn/frontsite/tw/hotel/B0283/B0283_2.jpg', 388),
(785, 'http://www.travel.taipei/d_upload_ttn/frontsite/tw/hotel/B0283/B0283_1.jpg', 388),
(786, 'http://www.travel.taipei/d_upload_ttn/frontsite/tw/hotel/B0213/B0213_3.JPG', 389),
(787, 'http://www.travel.taipei/d_upload_ttn/frontsite/tw/hotel/B0213/B0213_2.JPG', 389),
(788, 'http://www.travel.taipei/d_upload_ttn/frontsite/tw/hotel/B0213/B0213_1.JPG', 389),
(789, 'http://www.travel.taipei/d_upload_ttn/frontsite/tw/hotel/B0027/B0027_2.JPG', 391),
(790, 'http://www.travel.taipei/d_upload_ttn/frontsite/tw/hotel/B0027/B0027_1.jpg', 391),
(791, 'http://www.travel.taipei/d_upload_ttn/frontsite/tw/hotel/B0056/B0056_3.JPG', 392),
(792, 'http://www.travel.taipei/d_upload_ttn/frontsite/tw/hotel/B0056/B0056_2.JPG', 392),
(793, 'http://www.travel.taipei/d_upload_ttn/frontsite/tw/hotel/B0056/B0056_1.JPG', 392),
(794, 'http://www.travel.taipei/d_upload_ttn/frontsite/tw/hotel/B0249/B0249_3.JPG', 393),
(795, 'http://www.travel.taipei/d_upload_ttn/frontsite/tw/hotel/B0249/B0249_2.JPG', 393),
(796, 'http://www.travel.taipei/d_upload_ttn/frontsite/tw/hotel/B0249/B0249_1.JPG', 393),
(797, 'http://www.travel.taipei/d_upload_ttn/frontsite/tw/hotel/B0204/B0204_3.jpg', 394),
(798, 'http://www.travel.taipei/d_upload_ttn/frontsite/tw/hotel/B0204/B0204_2.jpg', 394),
(799, 'http://www.travel.taipei/d_upload_ttn/frontsite/tw/hotel/B0204/B0204_1.jpg', 394),
(800, 'http://www.travel.taipei/d_upload_ttn/frontsite/tw/hotel/B0230/B0230_3.JPG', 396),
(801, 'http://www.travel.taipei/d_upload_ttn/frontsite/tw/hotel/B0230/B0230_2.jpg', 396),
(802, 'http://www.travel.taipei/d_upload_ttn/frontsite/tw/hotel/B0230/B0230_1.jpg', 396),
(803, 'http://www.travel.taipei/d_upload_ttn/frontsite/tw/hotel/B0337/B0337_ee149bc1-4dbf-46f9-97b4-8cb8afb82542.jpg', 397),
(804, 'http://www.travel.taipei/d_upload_ttn/frontsite/tw/hotel/B0337/B0337_9f1c4bb2-87ec-4611-9014-bb0e73259c61.jpg', 397),
(805, 'http://www.travel.taipei/d_upload_ttn/frontsite/tw/hotel/B0337/B0337_30cc4bb9-1a19-4965-9e33-15dcf1ccd17d.jpg', 397),
(806, 'http://www.travel.taipei/d_upload_ttn/frontsite/tw/hotel/B0118/B0118_c8808b24-caf0-43ca-899e-c3e5d7cece3c.jpg', 398),
(807, 'http://www.travel.taipei/d_upload_ttn/frontsite/tw/hotel/B0118/B0118_85e46e1a-733d-4f26-b736-fd58f09262fb.jpg', 398),
(808, 'http://www.travel.taipei/d_upload_ttn/frontsite/tw/hotel/B0118/B0118_e61adbc6-1826-4b04-b4a5-492d4f4f982b.jpg', 398),
(809, 'http://www.travel.taipei/d_upload_ttn/frontsite/tw/hotel/B0496/B0496_50e93c3e-e460-4096-ba68-8be1a66a3df5.jpg', 399),
(810, 'http://www.travel.taipei/d_upload_ttn/frontsite/tw/hotel/B0496/B0496_bccea6e9-424c-421f-8f71-996758e39559.jpg', 399),
(811, 'http://www.travel.taipei/d_upload_ttn/frontsite/tw/hotel/B0496/B0496_fa543e71-c391-4eb1-86b0-073cc1d632ba.jpg', 399),
(812, 'http://www.travel.taipei/d_upload_ttn/frontsite/tw/hotel/B0281/B0281_64f084a2-6680-4201-904c-c89414f20c4d.JPG', 401),
(813, 'http://www.travel.taipei/d_upload_ttn/frontsite/tw/hotel/B0281/B0281_eed881f0-c33c-4af3-9c96-69a1d150ef31.JPG', 401),
(814, 'http://www.travel.taipei/d_upload_ttn/frontsite/tw/hotel/B0281/B0281_93c36208-a839-42e4-9111-48041f05171f.JPG', 401),
(815, 'http://www.travel.taipei/d_upload_ttn/frontsite/tw/hotel/B0260/B0260_3.jpg', 402),
(816, 'http://www.travel.taipei/d_upload_ttn/frontsite/tw/hotel/B0260/B0260_2.jpg', 402),
(817, 'http://www.travel.taipei/d_upload_ttn/frontsite/tw/hotel/B0260/B0260_1.jpg', 402),
(818, 'http://www.travel.taipei/d_upload_ttn/frontsite/tw/hotel/B0364/B0364_2.jpg', 446),
(819, 'http://www.travel.taipei/d_upload_ttn/frontsite/tw/hotel/B0364/B0364_1.jpg', 446),
(820, 'http://www.travel.taipei/d_upload_ttn/frontsite/tw/hotel/B0076/B0076_3.jpg', 418),
(821, 'http://www.travel.taipei/d_upload_ttn/frontsite/tw/hotel/B0076/B0076_2.jpg', 418),
(822, 'http://www.travel.taipei/d_upload_ttn/frontsite/tw/hotel/B0076/B0076_1.jpg', 418),
(823, 'http://www.travel.taipei/d_upload_ttn/frontsite/tw/hotel/B0435/B0435_129f76a1-13a8-41fe-b421-f9eeb5a600bf.jpg', 419),
(824, 'http://www.travel.taipei/d_upload_ttn/frontsite/tw/hotel/B0435/B0435_85166078-a248-4afd-aeb5-82f2b518f31b.jpg', 419),
(825, 'http://www.travel.taipei/d_upload_ttn/frontsite/tw/hotel/B0435/B0435_87a6561d-73d0-48fc-8819-b61d8a0193b0.jpg', 419),
(826, 'http://www.travel.taipei/d_upload_ttn/frontsite/tw/hotel/B0252/B0252_3.jpg', 420),
(827, 'http://www.travel.taipei/d_upload_ttn/frontsite/tw/hotel/B0252/B0252_2.JPG', 420),
(828, 'http://www.travel.taipei/d_upload_ttn/frontsite/tw/hotel/B0252/B0252_1.JPG', 420),
(829, 'http://www.travel.taipei/d_upload_ttn/frontsite/tw/hotel/B0014/B0014_3.JPG', 421),
(830, 'http://www.travel.taipei/d_upload_ttn/frontsite/tw/hotel/B0014/B0014_2.JPG', 421),
(831, 'http://www.travel.taipei/d_upload_ttn/frontsite/tw/hotel/B0014/B0014_1.JPG', 421),
(832, 'http://www.travel.taipei/d_upload_ttn/frontsite/tw/hotel/B0032/B0032_3.jpg', 422),
(833, 'http://www.travel.taipei/d_upload_ttn/frontsite/tw/hotel/B0032/B0032_2.jpg', 422),
(834, 'http://www.travel.taipei/d_upload_ttn/frontsite/tw/hotel/B0032/B0032_1.jpg', 422),
(835, 'http://www.travel.taipei/d_upload_ttn/frontsite/tw/hotel/B0407/B0407_3.jpg', 424),
(836, 'http://www.travel.taipei/d_upload_ttn/frontsite/tw/hotel/B0407/B0407_2.jpg', 424),
(837, 'http://www.travel.taipei/d_upload_ttn/frontsite/tw/hotel/B0407/B0407_1.jpg', 424),
(838, 'http://www.travel.taipei/d_upload_ttn/frontsite/tw/hotel/B0287/B0287_3.JPG', 425),
(839, 'http://www.travel.taipei/d_upload_ttn/frontsite/tw/hotel/B0287/B0287_2.JPG', 425),
(840, 'http://www.travel.taipei/d_upload_ttn/frontsite/tw/hotel/B0287/B0287_1.jpg', 425),
(841, 'http://www.travel.taipei/d_upload_ttn/frontsite/tw/hotel/B0418/B0418_3980c679-db88-4fa8-ad1c-1f179b6bb218.gif', 426),
(842, 'http://www.travel.taipei/d_upload_ttn/frontsite/tw/hotel/B0418/B0418_fc79e00d-ca5a-426d-91eb-192e5914b04c.gif', 426),
(843, 'http://www.travel.taipei/d_upload_ttn/frontsite/tw/hotel/B0418/B0418_ae20f544-9e7c-4eb8-813a-a6cb006b0266.gif', 426),
(844, 'http://www.travel.taipei/d_upload_ttn/frontsite/tw/hotel/B0164/B0164_3.JPG', 428),
(845, 'http://www.travel.taipei/d_upload_ttn/frontsite/tw/hotel/B0164/B0164_2.JPG', 428),
(846, 'http://www.travel.taipei/d_upload_ttn/frontsite/tw/hotel/B0164/B0164_1.JPG', 428),
(847, 'http://www.travel.taipei/d_upload_ttn/frontsite/tw/hotel/B0103/B0103_3.jpg', 429),
(848, 'http://www.travel.taipei/d_upload_ttn/frontsite/tw/hotel/B0103/B0103_2.jpg', 429),
(849, 'http://www.travel.taipei/d_upload_ttn/frontsite/tw/hotel/B0103/B0103_1.jpg', 429),
(850, 'http://www.travel.taipei/d_upload_ttn/frontsite/tw/hotel/B0442/B0442_3b633d0e-a28d-4fc0-a4cc-c579920bb7f4.JPG', 433),
(851, 'http://www.travel.taipei/d_upload_ttn/frontsite/tw/hotel/B0442/B0442_28aecd82-5d70-45ef-ba5b-027616044225.JPG', 433),
(852, 'http://www.travel.taipei/d_upload_ttn/frontsite/tw/hotel/B0442/B0442_dce4acd9-bb53-4a99-9f04-34408adfa957.JPG', 433),
(853, 'http://www.travel.taipei/d_upload_ttn/frontsite/tw/hotel/B0149/B0149_3.jpg', 434),
(854, 'http://www.travel.taipei/d_upload_ttn/frontsite/tw/hotel/B0149/B0149_2.jpg', 434),
(855, 'http://www.travel.taipei/d_upload_ttn/frontsite/tw/hotel/B0319/B0319_3.jpg', 435),
(856, 'http://www.travel.taipei/d_upload_ttn/frontsite/tw/hotel/B0319/B0319_2.JPG', 435),
(857, 'http://www.travel.taipei/d_upload_ttn/frontsite/tw/hotel/B0319/B0319_1.jpg', 435),
(858, 'http://www.travel.taipei/d_upload_ttn/frontsite/tw/hotel/B0216/B0216_3.JPG', 436),
(859, 'http://www.travel.taipei/d_upload_ttn/frontsite/tw/hotel/B0216/B0216_2.JPG', 436),
(860, 'http://www.travel.taipei/d_upload_ttn/frontsite/tw/hotel/B0216/B0216_1.jpg', 436),
(861, 'http://www.travel.taipei/d_upload_ttn/frontsite/tw/hotel/B0271/B0271_3.JPG', 437),
(862, 'http://www.travel.taipei/d_upload_ttn/frontsite/tw/hotel/B0271/B0271_2.jpg', 437),
(863, 'http://www.travel.taipei/d_upload_ttn/frontsite/tw/hotel/B0271/B0271_1.jpg', 437),
(864, 'http://www.travel.taipei/d_upload_ttn/frontsite/tw/hotel/B0113/B0113_3.JPG', 438),
(865, 'http://www.travel.taipei/d_upload_ttn/frontsite/tw/hotel/B0113/B0113_2.JPG', 438),
(866, 'http://www.travel.taipei/d_upload_ttn/frontsite/tw/hotel/B0113/B0113_1.JPG', 438),
(867, 'http://www.travel.taipei/d_upload_ttn/frontsite/tw/hotel/B0208/B0208_3.jpg', 439),
(868, 'http://www.travel.taipei/d_upload_ttn/frontsite/tw/hotel/B0208/B0208_2.jpg', 439),
(869, 'http://www.travel.taipei/d_upload_ttn/frontsite/tw/hotel/B0208/B0208_1.jpg', 439),
(870, 'http://www.travel.taipei/d_upload_ttn/frontsite/tw/hotel/B0094/B0094_3.jpg', 440),
(871, 'http://www.travel.taipei/d_upload_ttn/frontsite/tw/hotel/B0094/B0094_2.jpg', 440),
(872, 'http://www.travel.taipei/d_upload_ttn/frontsite/tw/hotel/B0094/B0094_1.jpg', 440),
(873, 'http://www.travel.taipei/d_upload_ttn/frontsite/tw/hotel/B0122/B0122_3.JPG', 441),
(874, 'http://www.travel.taipei/d_upload_ttn/frontsite/tw/hotel/B0122/B0122_2.JPG', 441),
(875, 'http://www.travel.taipei/d_upload_ttn/frontsite/tw/hotel/B0122/B0122_1.JPG', 441),
(876, 'http://www.travel.taipei/d_upload_ttn/frontsite/tw/hotel/B0265/B0265_2.jpg', 442),
(877, 'http://www.travel.taipei/d_upload_ttn/frontsite/tw/hotel/B0265/B0265_1.jpg', 442),
(878, 'http://www.travel.taipei/d_upload_ttn/frontsite/tw/hotel/B0069/B0069_3.jpg', 443),
(879, 'http://www.travel.taipei/d_upload_ttn/frontsite/tw/hotel/B0069/B0069_2.jpg', 443),
(880, 'http://www.travel.taipei/d_upload_ttn/frontsite/tw/hotel/B0069/B0069_1.jpg', 443),
(881, 'http://www.travel.taipei/d_upload_ttn/frontsite/tw/hotel/B0045/B0045_3.JPG', 444),
(882, 'http://www.travel.taipei/d_upload_ttn/frontsite/tw/hotel/B0045/B0045_2.JPG', 444),
(883, 'http://www.travel.taipei/d_upload_ttn/frontsite/tw/hotel/B0045/B0045_1.JPG', 444),
(884, 'http://www.travel.taipei/d_upload_ttn/frontsite/tw/hotel/B0360/B0360_3.jpg', 445),
(885, 'http://www.travel.taipei/d_upload_ttn/frontsite/tw/hotel/B0360/B0360_2.jpg', 445),
(886, 'http://www.travel.taipei/d_upload_ttn/frontsite/tw/hotel/B0360/B0360_1.jpg', 445),
(887, 'http://www.travel.taipei/d_upload_ttn/frontsite/tw/hotel/B0184/B0184_3.JPG', 447),
(888, 'http://www.travel.taipei/d_upload_ttn/frontsite/tw/hotel/B0184/B0184_2.jpg', 447),
(889, 'http://www.travel.taipei/d_upload_ttn/frontsite/tw/hotel/B0184/B0184_1.jpg', 447),
(890, 'http://www.travel.taipei/d_upload_ttn/frontsite/tw/hotel/B0188/B0188_2.JPG', 448),
(891, 'http://www.travel.taipei/d_upload_ttn/frontsite/tw/hotel/B0188/B0188_1.JPG', 448),
(892, 'http://www.travel.taipei/d_upload_ttn/frontsite/tw/hotel/B0334/B0334_3.jpg', 449),
(893, 'http://www.travel.taipei/d_upload_ttn/frontsite/tw/hotel/B0334/B0334_2.jpg', 449),
(894, 'http://www.travel.taipei/d_upload_ttn/frontsite/tw/hotel/B0334/B0334_1.jpg', 449),
(895, 'http://www.travel.taipei/d_upload_ttn/frontsite/tw/hotel/B0367/B0367_3.JPG', 450),
(896, 'http://www.travel.taipei/d_upload_ttn/frontsite/tw/hotel/B0367/B0367_2.jpg', 450),
(897, 'http://www.travel.taipei/d_upload_ttn/frontsite/tw/hotel/B0367/B0367_1.jpg', 450),
(898, 'http://www.travel.taipei/d_upload_ttn/frontsite/tw/hotel/B0073/B0073_3.jpg', 451),
(899, 'http://www.travel.taipei/d_upload_ttn/frontsite/tw/hotel/B0073/B0073_2.jpg', 451),
(900, 'http://www.travel.taipei/d_upload_ttn/frontsite/tw/hotel/B0073/B0073_1.jpg', 451),
(901, 'http://www.travel.taipei/d_upload_ttn/frontsite/tw/hotel/B0401/B0401_4.JPG', 452),
(902, 'http://www.travel.taipei/d_upload_ttn/frontsite/tw/hotel/B0401/B0401_3.JPG', 452),
(903, 'http://www.travel.taipei/d_upload_ttn/frontsite/tw/hotel/B0401/B0401_2.JPG', 452),
(904, 'http://www.travel.taipei/d_upload_ttn/frontsite/tw/hotel/B0401/B0401_1.JPG', 452),
(905, 'http://www.travel.taipei/d_upload_ttn/frontsite/tw/hotel/B0153/B0153_3.JPG', 453),
(906, 'http://www.travel.taipei/d_upload_ttn/frontsite/tw/hotel/B0153/B0153_2.JPG', 453),
(907, 'http://www.travel.taipei/d_upload_ttn/frontsite/tw/hotel/B0153/B0153_1.JPG', 453),
(908, 'http://www.travel.taipei/d_upload_ttn/frontsite/tw/hotel/B0339/B0339_34e2fa42-9eee-4e8c-a0a8-8be4cebff832.jpg', 454),
(909, 'http://www.travel.taipei/d_upload_ttn/frontsite/tw/hotel/B0339/B0339_4893615a-0ada-44ef-93bc-2fad82294b39.jpg', 454),
(910, 'http://www.travel.taipei/d_upload_ttn/frontsite/tw/hotel/B0339/B0339_3a358243-a753-4d56-b6a0-8ce619cda57e.jpg', 454),
(911, 'http://www.travel.taipei/d_upload_ttn/frontsite/tw/hotel/B0339/B0339_4bf2d2fd-5e10-453c-a22a-bb8cc3b263d0.jpg', 454),
(912, 'http://www.travel.taipei/d_upload_ttn/frontsite/tw/hotel/B0339/B0339_3.JPG', 454),
(913, 'http://www.travel.taipei/d_upload_ttn/frontsite/tw/hotel/B0339/B0339_2.JPG', 454),
(914, 'http://www.travel.taipei/d_upload_ttn/frontsite/tw/hotel/B0339/B0339_1.jpg', 454),
(915, 'http://www.travel.taipei/d_upload_ttn/frontsite/tw/hotel/B0016/B0016_3.jpg', 455),
(916, 'http://www.travel.taipei/d_upload_ttn/frontsite/tw/hotel/B0016/B0016_2.jpg', 455),
(917, 'http://www.travel.taipei/d_upload_ttn/frontsite/tw/hotel/B0016/B0016_1.jpg', 455),
(918, 'http://www.travel.taipei/d_upload_ttn/frontsite/tw/hotel/B0331/B0331_3.jpg', 456),
(919, 'http://www.travel.taipei/d_upload_ttn/frontsite/tw/hotel/B0331/B0331_2.jpg', 456),
(920, 'http://www.travel.taipei/d_upload_ttn/frontsite/tw/hotel/B0331/B0331_1.jpg', 456),
(921, 'http://www.travel.taipei/d_upload_ttn/frontsite/tw/hotel/B0350/B0350_3.JPG', 457),
(922, 'http://www.travel.taipei/d_upload_ttn/frontsite/tw/hotel/B0350/B0350_2.JPG', 457),
(923, 'http://www.travel.taipei/d_upload_ttn/frontsite/tw/hotel/B0350/B0350_1.jpg', 457),
(924, 'http://www.travel.taipei/d_upload_ttn/frontsite/tw/hotel/B0347/B0347_3.JPG', 458),
(925, 'http://www.travel.taipei/d_upload_ttn/frontsite/tw/hotel/B0347/B0347_2.JPG', 458),
(926, 'http://www.travel.taipei/d_upload_ttn/frontsite/tw/hotel/B0347/B0347_1.jpg', 458),
(927, 'http://www.travel.taipei/d_upload_ttn/frontsite/tw/hotel/B0111/B0111_3.JPG', 459),
(928, 'http://www.travel.taipei/d_upload_ttn/frontsite/tw/hotel/B0111/B0111_2.JPG', 459),
(929, 'http://www.travel.taipei/d_upload_ttn/frontsite/tw/hotel/B0111/B0111_1.JPG', 459),
(930, 'http://www.travel.taipei/d_upload_ttn/frontsite/tw/hotel/B0267/B0267_3.jpg', 460),
(931, 'http://www.travel.taipei/d_upload_ttn/frontsite/tw/hotel/B0267/B0267_2.jpg', 460),
(932, 'http://www.travel.taipei/d_upload_ttn/frontsite/tw/hotel/B0267/B0267_1.jpg', 460),
(933, 'http://www.travel.taipei/d_upload_ttn/frontsite/tw/hotel/B0018/B0018_3.jpg', 461),
(934, 'http://www.travel.taipei/d_upload_ttn/frontsite/tw/hotel/B0018/B0018_2.jpg', 461),
(935, 'http://www.travel.taipei/d_upload_ttn/frontsite/tw/hotel/B0018/B0018_1.jpg', 461),
(936, 'http://www.travel.taipei/d_upload_ttn/frontsite/tw/hotel/B0066/B0066_3.JPG', 462),
(937, 'http://www.travel.taipei/d_upload_ttn/frontsite/tw/hotel/B0066/B0066_2.JPG', 462),
(938, 'http://www.travel.taipei/d_upload_ttn/frontsite/tw/hotel/B0066/B0066_1.JPG', 462),
(939, 'http://www.travel.taipei/d_upload_ttn/frontsite/tw/hotel/B0154/B0154_3.jpg', 463),
(940, 'http://www.travel.taipei/d_upload_ttn/frontsite/tw/hotel/B0154/B0154_2.jpg', 463),
(941, 'http://www.travel.taipei/d_upload_ttn/frontsite/tw/hotel/B0154/B0154_1.jpg', 463),
(942, 'http://www.travel.taipei/d_upload_ttn/frontsite/tw/hotel/B0013/B0013_3.jpg', 464),
(943, 'http://www.travel.taipei/d_upload_ttn/frontsite/tw/hotel/B0013/B0013_2.jpg', 464),
(944, 'http://www.travel.taipei/d_upload_ttn/frontsite/tw/hotel/B0013/B0013_1.jpg', 464),
(945, 'http://www.travel.taipei/d_upload_ttn/frontsite/tw/hotel/B0090/B0090_3.JPG', 465),
(946, 'http://www.travel.taipei/d_upload_ttn/frontsite/tw/hotel/B0090/B0090_2.JPG', 465),
(947, 'http://www.travel.taipei/d_upload_ttn/frontsite/tw/hotel/B0090/B0090_1.jpg', 465),
(948, 'http://www.travel.taipei/d_upload_ttn/frontsite/tw/hotel/B0255/B0255_e48725bf-683e-41f1-94e0-5ed070c3589c.jpg', 466),
(949, 'http://www.travel.taipei/d_upload_ttn/frontsite/tw/hotel/B0255/B0255_cf25e9ff-9d6d-4963-9cd7-4b23af7d6726.jpg', 466),
(950, 'http://www.travel.taipei/d_upload_ttn/frontsite/tw/hotel/B0028/B0028_3.JPG', 467),
(951, 'http://www.travel.taipei/d_upload_ttn/frontsite/tw/hotel/B0028/B0028_2.JPG', 467),
(952, 'http://www.travel.taipei/d_upload_ttn/frontsite/tw/hotel/B0028/B0028_3.JPG', 467),
(953, 'http://www.travel.taipei/d_upload_ttn/frontsite/tw/hotel/B0461/B0461_3bb80dda-dd08-4efe-9fbd-5d93b3edb8e4.jpg', 468),
(954, 'http://www.travel.taipei/d_upload_ttn/frontsite/tw/hotel/B0461/B0461_06160a9d-35af-4877-aa01-90da8896d6a5.jpg', 468),
(955, 'http://www.travel.taipei/d_upload_ttn/frontsite/tw/hotel/B0461/B0461_e8791271-9e3a-4e7b-ba7f-1b0fbae0bc0c.jpg', 468),
(956, 'http://www.travel.taipei/d_upload_ttn/frontsite/tw/hotel/B0159/B0159_00c15d3f-f9b9-4422-acb1-be125797eb56.jpg', 470),
(957, 'http://www.travel.taipei/d_upload_ttn/frontsite/tw/hotel/B0159/B0159_b6e6a5ba-b361-41bf-9908-0f22d33cea06.jpg', 470),
(958, 'http://www.travel.taipei/d_upload_ttn/frontsite/tw/hotel/B0159/B0159_1552c231-103d-40a9-bd13-a2370387c175.jpg', 470),
(959, 'http://www.travel.taipei/d_upload_ttn/frontsite/tw/hotel/B0248/B0248_826449b8-4821-4340-97fc-1bfc93a2308a.jpg', 471),
(960, 'http://www.travel.taipei/d_upload_ttn/frontsite/tw/hotel/B0248/B0248_91bb24ae-b8d3-4791-94e4-c2ddce5a5a2e.jpg', 471),
(961, 'http://www.travel.taipei/d_upload_ttn/frontsite/tw/hotel/B0248/B0248_19925577-a4f1-4da8-aeee-fb60e5d0806d.jpg', 471),
(962, 'http://www.travel.taipei/d_upload_ttn/frontsite/tw/hotel/B0044/B0044_2.jpg', 472),
(963, 'http://www.travel.taipei/d_upload_ttn/frontsite/tw/hotel/B0044/B0044_1.jpg', 472),
(964, 'http://www.travel.taipei/d_upload_ttn/frontsite/tw/hotel/B0078/B0078_3.jpg', 473),
(965, 'http://www.travel.taipei/d_upload_ttn/frontsite/tw/hotel/B0078/B0078_2.jpg', 473),
(966, 'http://www.travel.taipei/d_upload_ttn/frontsite/tw/hotel/B0078/B0078_1.jpg', 473),
(967, 'http://www.travel.taipei/d_upload_ttn/frontsite/tw/hotel/B0093/B0093_3.jpg', 474),
(968, 'http://www.travel.taipei/d_upload_ttn/frontsite/tw/hotel/B0093/B0093_2.jpg', 474),
(969, 'http://www.travel.taipei/d_upload_ttn/frontsite/tw/hotel/B0093/B0093_1.jpg', 474),
(970, 'http://www.travel.taipei/d_upload_ttn/frontsite/tw/hotel/B0060/B0060_d956c7f7-eb5d-4e89-9a46-d95356ad195e.jpg', 475),
(971, 'http://www.travel.taipei/d_upload_ttn/frontsite/tw/hotel/B0060/B0060_6018e4d7-e3c7-4558-a2ad-1bf53ceaa5b9.jpg', 475),
(972, 'http://www.travel.taipei/d_upload_ttn/frontsite/tw/hotel/B0060/B0060_00eab32a-5bf9-4fcb-bd3d-8809286ca7e1.jpg', 475),
(973, 'http://www.travel.taipei/d_upload_ttn/frontsite/tw/hotel/B0346/B0346_cbd83938-72fc-405f-96ab-974e0c50ef0b.jpg', 482),
(974, 'http://www.travel.taipei/d_upload_ttn/frontsite/tw/hotel/B0346/B0346_69d6a0ff-d82e-48b2-a9a9-e16108938396.jpg', 482),
(975, 'http://www.travel.taipei/d_upload_ttn/frontsite/tw/hotel/B0346/B0346_42c6e20e-ab24-468d-9f1b-f731201f330f.jpg', 482),
(976, 'http://www.travel.taipei/d_upload_ttn/frontsite/tw/hotel/B0338/B0338_3.jpg', 484),
(977, 'http://www.travel.taipei/d_upload_ttn/frontsite/tw/hotel/B0338/B0338_2.jpg', 484),
(978, 'http://www.travel.taipei/d_upload_ttn/frontsite/tw/hotel/B0338/B0338_1.jpg', 484),
(979, 'http://www.travel.taipei/d_upload_ttn/frontsite/tw/hotel/B0021/B0021_3.JPG', 485),
(980, 'http://www.travel.taipei/d_upload_ttn/frontsite/tw/hotel/B0021/B0021_2.JPG', 485),
(981, 'http://www.travel.taipei/d_upload_ttn/frontsite/tw/hotel/B0021/B0021_1.JPG', 485),
(982, 'http://www.travel.taipei/d_upload_ttn/frontsite/tw/hotel/B0178/B0178_2e564f12-b251-442f-9124-423688bdf02b.JPG', 486),
(983, 'http://www.travel.taipei/d_upload_ttn/frontsite/tw/hotel/B0178/B0178_65e8841c-87ad-4784-92ca-5a3369fba34b.JPG', 486),
(984, 'http://www.travel.taipei/d_upload_ttn/frontsite/tw/hotel/B0178/B0178_538393d8-3466-4d1f-bb51-c75ed2f99829.JPG', 486),
(985, 'http://www.travel.taipei/d_upload_ttn/frontsite/tw/hotel/B0210/B0210_3.JPG', 487),
(986, 'http://www.travel.taipei/d_upload_ttn/frontsite/tw/hotel/B0210/B0210_2.JPG', 487),
(987, 'http://www.travel.taipei/d_upload_ttn/frontsite/tw/hotel/B0210/B0210_1.JPG', 487),
(988, 'http://www.travel.taipei/d_upload_ttn/frontsite/tw/hotel/B0427/B0427_851a8bae-8042-4aaf-a643-6a080e64aae8.gif', 511),
(989, 'http://www.travel.taipei/d_upload_ttn/frontsite/tw/hotel/B0033/B0033_8f3d82ef-2754-4721-935c-7829b3a8ea3d.jpg', 488),
(990, 'http://www.travel.taipei/d_upload_ttn/frontsite/tw/hotel/B0033/B0033_dc58b529-35bd-4058-ac54-a310f207041d.jpg', 488),
(991, 'http://www.travel.taipei/d_upload_ttn/frontsite/tw/hotel/B0033/B0033_5cf97c81-37ae-4b02-aed1-bd56c760286d.jpg', 488),
(992, 'http://www.travel.taipei/d_upload_ttn/frontsite/tw/hotel/B0185/B0185_3.jpg', 489),
(993, 'http://www.travel.taipei/d_upload_ttn/frontsite/tw/hotel/B0185/B0185_2.jpg', 489),
(994, 'http://www.travel.taipei/d_upload_ttn/frontsite/tw/hotel/B0185/B0185_1.jpg', 489),
(995, 'http://www.travel.taipei/d_upload_ttn/frontsite/tw/hotel/B0046/B0046_2.JPG', 490),
(996, 'http://www.travel.taipei/d_upload_ttn/frontsite/tw/hotel/B0046/B0046_1.jpg', 490),
(997, 'http://www.travel.taipei/d_upload_ttn/frontsite/tw/hotel/B0458/B0458_dc673bf7-8755-4273-bf49-9ff8c1640862.bmp', 491),
(998, 'http://www.travel.taipei/d_upload_ttn/frontsite/tw/hotel/B0406/B0406_1.bmp', 492),
(999, 'http://www.travel.taipei/d_upload_ttn/frontsite/tw/hotel/B0035/B0035_3.jpg', 496),
(1000, 'http://www.travel.taipei/d_upload_ttn/frontsite/tw/hotel/B0035/B0035_2.jpg', 496),
(1001, 'http://www.travel.taipei/d_upload_ttn/frontsite/tw/hotel/B0035/B0035_1.jpg', 496),
(1002, 'http://www.travel.taipei/d_upload_ttn/frontsite/tw/hotel/B0414/B0414_3.jpg', 497),
(1003, 'http://www.travel.taipei/d_upload_ttn/frontsite/tw/hotel/B0414/B0414_2.jpg', 497),
(1004, 'http://www.travel.taipei/d_upload_ttn/frontsite/tw/hotel/B0414/B0414_1.jpg', 497),
(1005, 'http://www.travel.taipei/d_upload_ttn/frontsite/tw/hotel/B0443/B0443_0f92bbbd-8ebb-4e19-b189-073362adc221.jpg', 499),
(1006, 'http://www.travel.taipei/d_upload_ttn/frontsite/tw/hotel/B0443/B0443_0547207e-6237-4d0c-85bf-d0f432c69077.jpg', 499),
(1007, 'http://www.travel.taipei/d_upload_ttn/frontsite/tw/hotel/B0443/B0443_9405526d-265d-4a38-8e95-c3a2e6a4a8a1.jpg', 499),
(1008, 'http://www.travel.taipei/d_upload_ttn/frontsite/tw/hotel/B0404/B0404_3.jpg', 501),
(1009, 'http://www.travel.taipei/d_upload_ttn/frontsite/tw/hotel/B0404/B0404_2.jpg', 501),
(1010, 'http://www.travel.taipei/d_upload_ttn/frontsite/tw/hotel/B0404/B0404_1.jpg', 501),
(1011, 'http://www.travel.taipei/d_upload_ttn/frontsite/tw/hotel/B0419/B0419_f0f40c4f-7a90-409d-a0f5-846e3b812966.jpg', 518),
(1012, 'http://www.travel.taipei/d_upload_ttn/frontsite/tw/hotel/B0419/B0419_525c2467-79a8-4b80-9b5f-e4a2764d381f.jpg', 518),
(1013, 'http://www.travel.taipei/d_upload_ttn/frontsite/tw/hotel/B0003/B0003_3.jpg', 503),
(1014, 'http://www.travel.taipei/d_upload_ttn/frontsite/tw/hotel/B0003/B0003_2.JPG', 503),
(1015, 'http://www.travel.taipei/d_upload_ttn/frontsite/tw/hotel/B0003/B0003_1.jpg', 503),
(1016, 'http://www.travel.taipei/d_upload_ttn/frontsite/tw/hotel/B0127/B0127_3.jpg', 504),
(1017, 'http://www.travel.taipei/d_upload_ttn/frontsite/tw/hotel/B0127/B0127_2.jpg', 504),
(1018, 'http://www.travel.taipei/d_upload_ttn/frontsite/tw/hotel/B0127/B0127_1.jpg', 504),
(1019, 'http://www.travel.taipei/d_upload_ttn/frontsite/tw/hotel/B0270/B0270_2.jpg', 505),
(1020, 'http://www.travel.taipei/d_upload_ttn/frontsite/tw/hotel/B0270/B0270_1.jpg', 505),
(1021, 'http://www.travel.taipei/d_upload_ttn/frontsite/tw/hotel/B0010/B0010_3.JPG', 509),
(1022, 'http://www.travel.taipei/d_upload_ttn/frontsite/tw/hotel/B0010/B0010_2.jpg', 509),
(1023, 'http://www.travel.taipei/d_upload_ttn/frontsite/tw/hotel/B0010/B0010_1.jpg', 509),
(1024, 'http://www.travel.taipei/d_upload_ttn/frontsite/tw/hotel/B0038/B0038_3.jpg', 510),
(1025, 'http://www.travel.taipei/d_upload_ttn/frontsite/tw/hotel/B0038/B0038_2.jpg', 510),
(1026, 'http://www.travel.taipei/d_upload_ttn/frontsite/tw/hotel/B0038/B0038_1.jpg', 510),
(1027, 'http://www.travel.taipei/d_upload_ttn/frontsite/tw/hotel/B0121/B0121_3.jpg', 512),
(1028, 'http://www.travel.taipei/d_upload_ttn/frontsite/tw/hotel/B0121/B0121_2.jpg', 512),
(1029, 'http://www.travel.taipei/d_upload_ttn/frontsite/tw/hotel/B0121/B0121_1.jpg', 512),
(1030, 'http://www.travel.taipei/d_upload_ttn/frontsite/tw/hotel/B0258/B0258_3.jpg', 513),
(1031, 'http://www.travel.taipei/d_upload_ttn/frontsite/tw/hotel/B0258/B0258_2.jpg', 513),
(1032, 'http://www.travel.taipei/d_upload_ttn/frontsite/tw/hotel/B0258/B0258_1.jpg', 513),
(1033, 'http://www.travel.taipei/d_upload_ttn/frontsite/tw/hotel/B0291/B0291_3.jpg', 514),
(1034, 'http://www.travel.taipei/d_upload_ttn/frontsite/tw/hotel/B0291/B0291_2.jpg', 514),
(1035, 'http://www.travel.taipei/d_upload_ttn/frontsite/tw/hotel/B0291/B0291_1.jpg', 514),
(1036, 'http://www.travel.taipei/d_upload_ttn/frontsite/tw/hotel/B0217/B0217_3.jpg', 515),
(1037, 'http://www.travel.taipei/d_upload_ttn/frontsite/tw/hotel/B0217/B0217_2.jpg', 515),
(1038, 'http://www.travel.taipei/d_upload_ttn/frontsite/tw/hotel/B0217/B0217_1.jpg', 515),
(1039, 'http://www.travel.taipei/d_upload_ttn/frontsite/tw/hotel/B0272/B0272_3.jpg', 516),
(1040, 'http://www.travel.taipei/d_upload_ttn/frontsite/tw/hotel/B0272/B0272_2.jpg', 516),
(1041, 'http://www.travel.taipei/d_upload_ttn/frontsite/tw/hotel/B0272/B0272_1.jpg', 516),
(1042, 'http://www.travel.taipei/d_upload_ttn/frontsite/tw/hotel/B0215/B0215_94d0c93b-e765-4763-a6a8-75d1ebf190ce.JPG', 517),
(1043, 'http://www.travel.taipei/d_upload_ttn/frontsite/tw/hotel/B0215/B0215_efa33bae-a0da-45ec-9e76-06ba826ee29d.JPG', 517),
(1044, 'http://www.travel.taipei/d_upload_ttn/frontsite/tw/hotel/B0215/B0215_38935636-6c84-4d1b-9b44-b7cdcfc74678.JPG', 517),
(1045, 'http://www.travel.taipei/d_upload_ttn/frontsite/tw/hotel/B0152/B0152_3.jpg', 521),
(1046, 'http://www.travel.taipei/d_upload_ttn/frontsite/tw/hotel/B0152/B0152_2.jpg', 521),
(1047, 'http://www.travel.taipei/d_upload_ttn/frontsite/tw/hotel/B0152/B0152_1.jpg', 521);
INSERT INTO `hotel_pic` (`p_id`, `url`, `h_id`) VALUES
(1048, 'http://www.travel.taipei/d_upload_ttn/frontsite/tw/hotel/B0180/B0180_3.jpg', 522),
(1049, 'http://www.travel.taipei/d_upload_ttn/frontsite/tw/hotel/B0180/B0180_2.jpg', 522),
(1050, 'http://www.travel.taipei/d_upload_ttn/frontsite/tw/hotel/B0180/B0180_1.jpg', 522),
(1051, 'http://www.travel.taipei/d_upload_ttn/frontsite/tw/hotel/B0312/B0312_3.jpg', 523),
(1052, 'http://www.travel.taipei/d_upload_ttn/frontsite/tw/hotel/B0312/B0312_2.jpg', 523),
(1053, 'http://www.travel.taipei/d_upload_ttn/frontsite/tw/hotel/B0312/B0312_1.jpg', 523);

--
-- Indexes for dumped tables
--

--
-- Indexes for table `hotel_area`
--
ALTER TABLE `hotel_area`
  ADD PRIMARY KEY (`area_id`);

--
-- Indexes for table `hotel_data`
--
ALTER TABLE `hotel_data`
  ADD PRIMARY KEY (`h_id`);

--
-- Indexes for table `hotel_pic`
--
ALTER TABLE `hotel_pic`
  ADD PRIMARY KEY (`p_id`);

--
-- AUTO_INCREMENT for dumped tables
--

--
-- AUTO_INCREMENT for table `hotel_area`
--
ALTER TABLE `hotel_area`
  MODIFY `area_id` int(3) NOT NULL AUTO_INCREMENT,AUTO_INCREMENT=13;
--
-- AUTO_INCREMENT for table `hotel_pic`
--
ALTER TABLE `hotel_pic`
  MODIFY `p_id` int(6) NOT NULL AUTO_INCREMENT,AUTO_INCREMENT=1054;SET FOREIGN_KEY_CHECKS=1;

/*!40101 SET CHARACTER_SET_CLIENT=@OLD_CHARACTER_SET_CLIENT */;
/*!40101 SET CHARACTER_SET_RESULTS=@OLD_CHARACTER_SET_RESULTS */;
/*!40101 SET COLLATION_CONNECTION=@OLD_COLLATION_CONNECTION */;
